titre,titre original,year,note,genre,duree,synopsis,casting,pays,public,_id
The Shawshank Redemption,,1994,9.3,Drama,142,"Over the course of several years, two convicts form a friendship, seeking consolation and, eventually, redemption through basic compassion.","Tim Robbins,Morgan Freeman,Bob Gunton",United States,R,643ed4d2b9d8983fc9c019a8
The Godfather,,1972,9.2,"Crime,Drama",175,The aging patriarch of an organized crime dynasty in postwar New York City transfers control of his clandestine empire to his reluctant youngest son.,"Marlon Brando,Al Pacino,James Caan",United States,R,643ed4d2b9d8983fc9c019a9
The Dark Knight,,2008,9.0,"Action,Crime,Drama",152,"When the menace known as the Joker wreaks havoc and chaos on the people of Gotham, Batman must accept one of the greatest psychological and physical tests of his ability to fight injustice.","Jonathan Nolan,Christopher Nolan,David S. Goyer,Christian Bale,Heath Ledger,Aaron Eckhart","United States,United Kingdom",PG-13,643ed4d2b9d8983fc9c019aa
The Godfather Part II,,1974,9.0,"Crime,Drama",202,"The early life and career of Vito Corleone in 1920s New York City is portrayed, while his son, Michael, expands and tightens his grip on the family crime syndicate.","Al Pacino,Robert De Niro,Robert Duvall",United States,R,643ed4d2b9d8983fc9c019ab
Pulp Fiction,,1994,8.9,"Crime,Drama",154,"The lives of two mob hitmen, a boxer, a gangster and his wife, and a pair of diner bandits intertwine in four tales of violence and redemption.","John Travolta,Uma Thurman,Samuel L. Jackson",United States,R,643ed4d2b9d8983fc9c019ac
The Lord of the Rings: The Return of the King,,2003,9.0,"Action,Adventure,Drama",201,Gandalf and Aragorn lead the World of Men against Sauron's army to draw his gaze from Frodo and Sam as they approach Mount Doom with the One Ring.,"J.R.R. Tolkien,Fran Walsh,Philippa Boyens,Elijah Wood,Viggo Mortensen,Ian McKellen","New Zealand,United States",PG-13,643ed4d3b9d8983fc9c019ad
The Lord of the Rings: The Fellowship of the Ring,,2001,8.8,"Action,Adventure,Drama",178,A meek Hobbit from the Shire and eight companions set out on a journey to destroy the powerful One Ring and save Middle-earth from the Dark Lord Sauron.,"J.R.R. Tolkien,Fran Walsh,Philippa Boyens,Elijah Wood,Ian McKellen,Orlando Bloom","New Zealand,United States",PG-13,643ed4d3b9d8983fc9c019ae
"The Good, the Bad and the Ugly","Original title: Il buono, il brutto, il cattivo",1966,8.8,"Adventure,Western",178,A bounty hunting scam joins two men in an uneasy alliance against a third in a race to find a fortune in gold buried in a remote cemetery.,"Luciano Vincenzoni,Sergio Leone,Agenore Incrocci,Clint Eastwood,Eli Wallach,Lee Van Cleef","Italy,Spain,West Germany",Approved,643ed4d3b9d8983fc9c019af
The Lord of the Rings: The Two Towers,,2002,8.8,"Action,Adventure,Drama",179,"While Frodo and Sam edge closer to Mordor with the help of the shifty Gollum, the divided fellowship makes a stand against Sauron's new ally, Saruman, and his hordes of Isengard.","J.R.R. Tolkien,Fran Walsh,Philippa Boyens,Elijah Wood,Ian McKellen,Viggo Mortensen","New Zealand,United States",PG-13,643ed4d3b9d8983fc9c019b0
Inception,,2010,8.8,"Action,Adventure,Sci-Fi",148,"A thief who steals corporate secrets through the use of dream-sharing technology is given the inverse task of planting an idea into the mind of a C.E.O., but his tragic past may doom the project and his team to disaster.","Leonardo DiCaprio,Joseph Gordon-Levitt,Elliot Page","United States,United Kingdom",PG-13,643ed4d3b9d8983fc9c019b1
Star Wars: Episode V - The Empire Strikes Back,Original title: The Empire Strikes Back,1980,8.7,"Action,Adventure,Fantasy",124,"After the Rebels are overpowered by the Empire, Luke Skywalker begins his Jedi training with Yoda, while his friends are pursued across the galaxy by Darth Vader and bounty hunter Boba Fett.","Mark Hamill,Harrison Ford,Carrie Fisher",United States,PG,643ed4d4b9d8983fc9c019b2
Fight Club,,1999,8.8,Drama,139,An insomniac office worker and a devil-may-care soap maker form an underground fight club that evolves into much more.,"Brad Pitt,Edward Norton,Meat Loaf","Germany,United States",R,643ed4d4b9d8983fc9c019b3
Se7en,,1995,8.6,"Crime,Drama,Mystery",127,"Two detectives, a rookie and a veteran, hunt a serial killer who uses the seven deadly sins as his motives.","Morgan Freeman,Brad Pitt,Kevin Spacey",United States,R,643ed4d4b9d8983fc9c019b4
One Flew Over the Cuckoo's Nest,,1975,8.7,Drama,133,"In the Fall of 1963, a Korean War veteran and criminal pleads insanity and is admitted to a mental institution, where he rallies up the scared patients against the tyrannical nurse.","Lawrence Hauben,Bo Goldman,Ken Kesey,Jack Nicholson,Louise Fletcher,Michael Berryman",United States,R,643ed4d4b9d8983fc9c019b5
Seven Samurai,Original title: Shichinin no samurai,1954,8.6,"Action,Drama",207,"Farmers from a village exploited by bandits hire a veteran samurai for protection, who gathers six other samurai to join him.","Toshirô Mifune,Takashi Shimura,Keiko Tsushima",Japan,Not Rated,643ed4d5b9d8983fc9c019b6
It's a Wonderful Life,,1946,8.6,"Drama,Family,Fantasy",130,An angel is sent from Heaven to help a desperately frustrated businessman by showing him what life would have been like if he had never existed.,"Frances Goodrich,Albert Hackett,Frank Capra,James Stewart,Donna Reed,Lionel Barrymore",United States,PG,643ed4d5b9d8983fc9c019b7
Saving Private Ryan,,1998,8.6,"Drama,War",169,"Following the Normandy Landings, a group of U.S. soldiers go behind enemy lines to retrieve a paratrooper whose brothers have been killed in action.","Tom Hanks,Matt Damon,Tom Sizemore",United States,R,643ed4d5b9d8983fc9c019b8
Interstellar,,2014,8.6,"Adventure,Drama,Sci-Fi",169,A team of explorers travel through a wormhole in space in an attempt to ensure humanity's survival.,"Matthew McConaughey,Anne Hathaway,Jessica Chastain","United States,United Kingdom,Canada",PG-13,643ed4d5b9d8983fc9c019b9
The Green Mile,,1999,8.6,"Crime,Drama,Fantasy",189,"The lives of guards on Death Row are affected by one of their charges: a black man accused of child murder and rape, yet who has a mysterious gift.","Tom Hanks,Michael Clarke Duncan,David Morse",United States,R,643ed4d5b9d8983fc9c019ba
Life Is Beautiful,Original title: La vita è bella,1997,8.6,"Comedy,Drama,Romance",116,"When an open-minded Jewish waiter and his son become victims of the Holocaust, he uses a perfect mixture of will, humor and imagination to protect his son from the dangers around their camp.","Roberto Benigni,Nicoletta Braschi,Giorgio Cantarini",Italy,PG-13,643ed4d5b9d8983fc9c019bb
Terminator 2: Judgment Day,,1991,8.6,"Action,Sci-Fi",137,"A cyborg, identical to the one who failed to kill Sarah Connor, must now protect her 10-year old son John from an even more advanced and powerful cyborg.","Arnold Schwarzenegger,Linda Hamilton,Edward Furlong",United States,R,643ed4d6b9d8983fc9c019bc
Spirited Away,Original title: Sen to Chihiro no kamikakushi,2001,8.6,"Animation,Adventure,Family",125,"During her family's move to the suburbs, a sullen 10-year-old girl wanders into a world ruled by gods, witches and spirits, a world where humans are changed into beasts.","Daveigh Chase,Suzanne Pleshette,Miyu Irino",Japan,PG,643ed4d6b9d8983fc9c019bd
Psycho,,1960,8.5,"Horror,Mystery,Thriller",109,"A Phoenix secretary embezzles $40,000 from her employer's client, goes on the run and checks into a remote motel run by a young man under the domination of his mother.","Anthony Perkins,Janet Leigh,Vera Miles",United States,R,643ed4d6b9d8983fc9c019be
The Pianist,,2002,8.5,"Biography,Drama,Music",150,A Polish Jewish musician struggles to survive the destruction of the Warsaw ghetto of World War II.,"Adrien Brody,Thomas Kretschmann,Frank Finlay","France,Poland,Germany,United Kingdom",R,643ed4d6b9d8983fc9c019bf
Léon: The Professional,Original title: Léon,1994,8.5,"Action,Crime,Drama",110,"12-year-old Mathilda is reluctantly taken in by Léon, a professional assassin, after her family is murdered. An unusual relationship forms as she becomes his protégée and learns the assassin's trade.","Jean Reno,Gary Oldman,Natalie Portman","France,United States",R,643ed4d6b9d8983fc9c019c0
Gladiator,,2000,8.5,"Action,Adventure,Drama",155,A former Roman General sets out to exact vengeance against the corrupt emperor who murdered his family and sent him into slavery.,"Russell Crowe,Joaquin Phoenix,Connie Nielsen","United States,United Kingdom,Malta,Morocco",R,643ed4d7b9d8983fc9c019c1
The Departed,,2006,8.5,"Crime,Drama,Thriller",151,An undercover cop and a mole in the police attempt to identify each other while infiltrating an Irish gang in South Boston.,"Leonardo DiCaprio,Matt Damon,Jack Nicholson","United States,Hong Kong",R,643ed4d7b9d8983fc9c019c2
American History X,,1998,8.5,"Crime,Drama",119,A former neo-nazi skinhead tries to prevent his younger brother from going down the same wrong path that he did.,"Edward Norton,Edward Furlong,Beverly D'Angelo",United States,R,643ed4d7b9d8983fc9c019c3
The Prestige,,2006,8.5,"Drama,Mystery,Sci-Fi",130,"After a tragic accident, two stage magicians in 1890s London engage in a battle to create the ultimate illusion while sacrificing everything they have to outwit each other.","Christian Bale,Hugh Jackman,Scarlett Johansson","United Kingdom,United States",PG-13,643ed4d7b9d8983fc9c019c4
Casablanca,,1942,8.5,"Drama,Romance,War",102,A cynical expatriate American cafe owner struggles to decide whether or not to help his former lover and her fugitive husband escape the Nazis in French Morocco.,"Julius J. Epstein,Philip G. Epstein,Howard Koch,Humphrey Bogart,Ingrid Bergman,Paul Henreid",United States,PG,643ed4d7b9d8983fc9c019c5
Harakiri,Original title: Seppuku,1962,8.6,"Action,Drama,Mystery",133,"When a ronin requesting seppuku at a feudal lord's palace is told of the brutal suicide of another ronin who previously visited, he reveals how their pasts are intertwined - and in doing so challenges the clan's integrity.","Tatsuya Nakadai,Akira Ishihama,Shima Iwashita",Japan,Not Rated,643ed4d8b9d8983fc9c019c6
Grave of the Fireflies,Original title: Hotaru no haka,1988,8.5,"Animation,Drama,War",89,A young boy and his little sister struggle to survive in Japan during World War II.,"Tsutomu Tatsumi,Ayano Shiraishi,Akemi Yamaguchi",Japan,Not Rated,643ed4d8b9d8983fc9c019c7
Modern Times,,1936,8.5,"Comedy,Drama,Romance",87,The Tramp struggles to live in modern industrial society with the help of a young homeless woman.,"Charles Chaplin,Paulette Goddard,Henry Bergman",United States,G,643ed4d8b9d8983fc9c019c8
The Intouchables,Original title: Intouchables,2011,8.5,"Biography,Comedy,Drama",112,"After he becomes a quadriplegic from a paragliding accident, an aristocrat hires a young man from the projects to be his caregiver.","François Cluzet,Omar Sy,Anne Le Ny",France,R,643ed4d8b9d8983fc9c019c9
Cinema Paradiso,Original title: Nuovo Cinema Paradiso,1988,8.5,"Drama,Romance",155,A filmmaker recalls his childhood when falling in love with the pictures at the cinema of his home village and forms a deep friendship with the cinema's projectionist.,"Philippe Noiret,Enzo Cannavale,Antonella Attili","Italy,France",PG,643ed4d8b9d8983fc9c019ca
Alien,,1979,8.5,"Horror,Sci-Fi",117,The crew of a commercial spacecraft encounter a deadly lifeform after investigating an unknown transmission.,"Sigourney Weaver,Tom Skerritt,John Hurt","United Kingdom,United States",R,643ed4d8b9d8983fc9c019cb
Apocalypse Now,,1979,8.5,"Drama,Mystery,War",147,A U.S. Army officer serving in Vietnam is tasked with assassinating a renegade Special Forces Colonel who sees himself as a god.,"John Milius,Francis Ford Coppola,Michael Herr,Martin Sheen,Marlon Brando,Robert Duvall",United States,R,643ed4d9b9d8983fc9c019cc
City Lights,,1931,8.5,"Comedy,Drama,Romance",87,"With the aid of a wealthy erratic tippler, a dewy-eyed tramp who has fallen in love with a sightless flower girl accumulates money to be able to help her medically.","Charles Chaplin,Virginia Cherrill,Florence Lee",United States,G,643ed4d9b9d8983fc9c019cd
Rear Window,,1954,8.5,"Mystery,Thriller",112,"A wheelchair-bound photographer spies on his neighbors from his Greenwich Village courtyard apartment window, and becomes convinced one of them has committed murder, despite the skepticism of his fashion-model girlfriend.","James Stewart,Grace Kelly,Wendell Corey",United States,PG,643ed4d9b9d8983fc9c019ce
WALL·E,,2008,8.4,"Animation,Adventure,Family",98,"In the distant future, a small waste-collecting robot inadvertently embarks on a space journey that will ultimately decide the fate of mankind.","Ben Burtt,Elissa Knight,Jeff Garlin","United States,Japan",G,643ed4d9b9d8983fc9c019cf
Raiders of the Lost Ark,,1981,8.4,"Action,Adventure",115,"In 1936, archaeologist and adventurer Indiana Jones is hired by the U.S. government to find the Ark of the Covenant before the Nazis can obtain its awesome powers.","Harrison Ford,Karen Allen,Paul Freeman",United States,PG,643ed4d9b9d8983fc9c019d0
Sunset Blvd.,,1950,8.4,"Drama,Film-Noir",110,A screenwriter develops a dangerous relationship with a faded film star determined to make a triumphant return.,"William Holden,Gloria Swanson,Erich von Stroheim",United States,Passed,643ed4dab9d8983fc9c019d1
The Lives of Others,Original title: Das Leben der Anderen,2006,8.4,"Drama,Mystery,Thriller",137,"In 1984 East Berlin, an agent of the secret police, conducting surveillance on a writer and his lover, finds himself becoming increasingly absorbed by their lives.","Ulrich Mühe,Martina Gedeck,Sebastian Koch","Germany,France",R,643ed4dab9d8983fc9c019d2
Avengers: Infinity War,,2018,8.4,"Action,Adventure,Sci-Fi",149,The Avengers and their allies must be willing to sacrifice all in an attempt to defeat the powerful Thanos before his blitz of devastation and ruin puts an end to the universe.,"Christopher Markus,Stephen McFeely,Stan Lee,Robert Downey Jr.,Chris Hemsworth,Mark Ruffalo",United States,PG-13,643ed4dab9d8983fc9c019d3
The Great Dictator,,1940,8.4,"Comedy,Drama,War",125,Dictator Adenoid Hynkel tries to expand his empire while a poor Jewish barber tries to avoid persecution from Hynkel's regime.,"Charles Chaplin,Paulette Goddard,Jack Oakie",United States,G,643ed4dab9d8983fc9c019d4
Aliens,,1986,8.4,"Action,Adventure,Sci-Fi",137,"Decades after surviving the Nostromo incident, Ellen Ripley is sent out to re-establish contact with a terraforming colony but finds herself battling the Alien Queen and her offspring.","James Cameron,David Giler,Walter Hill,Sigourney Weaver,Michael Biehn,Carrie Henn","United Kingdom,United States",R,643ed4dab9d8983fc9c019d5
Witness for the Prosecution,,1957,8.4,"Crime,Drama,Mystery",116,A veteran British barrister must defend his client in a murder trial that has surprise after surprise.,"Agatha Christie,Billy Wilder,Harry Kurnitz,Tyrone Power,Marlene Dietrich,Charles Laughton",United States,Approved,643ed4dab9d8983fc9c019d6
The Dark Knight Rises,,2012,8.4,"Action,Drama,Thriller",164,"Eight years after the Joker's reign of chaos, Batman is coerced out of exile with the assistance of the mysterious Selina Kyle in order to defend Gotham City from the vicious guerrilla terrorist Bane.","Jonathan Nolan,Christopher Nolan,David S. Goyer,Christian Bale,Tom Hardy,Anne Hathaway","United States,United Kingdom",PG-13,643ed4dbb9d8983fc9c019d7
Dr. Strangelove or: How I Learned to Stop Worrying and Love the Bomb,,1964,8.4,"Comedy,War",95,"An insane American general orders a bombing attack on the Soviet Union, triggering a path to nuclear holocaust that a war room full of politicians and generals frantically tries to stop.","Peter Sellers,George C. Scott,Sterling Hayden","United Kingdom,United States",PG,643ed4dbb9d8983fc9c019d8
Inglourious Basterds,,2009,8.3,"Adventure,Drama,War",153,"In Nazi-occupied France during World War II, a plan to assassinate Nazi leaders by a group of Jewish U.S. soldiers coincides with a theatre owner's vengeful plans for the same.","Brad Pitt,Diane Kruger,Eli Roth","Germany,United States",R,643ed4dbb9d8983fc9c019d9
Oldboy,Original title: Oldeuboi,2003,8.4,"Action,Drama,Mystery",120,"After being kidnapped and imprisoned for fifteen years, Oh Dae-Su is released, only to find that he must find his captor in five days.","Garon Tsuchiya,Nobuaki Minegishi,Park Chan-wook,Choi Min-sik,Yoo Ji-tae,Kang Hye-jeong",South Korea,R,643ed4dbb9d8983fc9c019da
Coco,,2017,8.4,"Animation,Adventure,Comedy",105,"Aspiring musician Miguel, confronted with his family's ancestral ban on music, enters the Land of the Dead to find his great-great-grandfather, a legendary singer.","Lee Unkrich,Jason Katz,Matthew Aldrich,Anthony Gonzalez,Gael García Bernal,Benjamin Bratt","United States,Japan",PG,643ed4dcb9d8983fc9c019db
Braveheart,,1995,8.4,"Biography,Drama,History",178,Scottish warrior William Wallace leads his countrymen in a rebellion to free his homeland from the tyranny of King Edward I of England.,"Mel Gibson,Sophie Marceau,Patrick McGoohan",United States,R,643ed4dcb9d8983fc9c019dc
Das Boot,,1981,8.4,"Drama,War",0,A German U-boat stalks the frigid waters of the North Atlantic as its young crew experience the sheer terror and claustrophobic life of a submariner in World War II.,"Jürgen Prochnow,Herbert Grönemeyer,Klaus Wennemann","West Germany,Italy,France,United Kingdom",,643ed4dcb9d8983fc9c019dd
Joker,,2019,8.4,"Crime,Drama,Thriller",122,"The rise of Arthur Fleck, from aspiring stand-up comedian and pariah to Gotham's clown prince and leader of the revolution.","Todd Phillips,Scott Silver,Bob Kane,Joaquin Phoenix,Robert De Niro,Zazie Beetz","United States,Canada",R,643ed4dcb9d8983fc9c019de
Princess Mononoke,Original title: Mononoke-hime,1997,8.3,"Animation,Action,Adventure",134,"On a journey to find the cure for a Tatarigami's curse, Ashitaka finds himself in the middle of a war between the forest gods and Tatara, a mining colony. In this quest he also meets San, the Mononoke Hime.","Yôji Matsuda,Yuriko Ishida,Yûko Tanaka",Japan,PG-13,643ed4dcb9d8983fc9c019df
Good Will Hunting,,1997,8.3,"Drama,Romance",126,"Will Hunting, a janitor at M.I.T., has a gift for mathematics, but needs help from a psychologist to find direction in his life.","Robin Williams,Matt Damon,Ben Affleck",United States,R,643ed4ddb9d8983fc9c019e0
Once Upon a Time in America,,1984,8.3,"Crime,Drama",229,"A former Prohibition-era Jewish gangster returns to the Lower East Side of Manhattan 35 years later, where he must once again confront the ghosts and regrets of his old life.","Harry Grey,Leonardo Benvenuti,Piero De Bernardi,Robert De Niro,James Woods,Elizabeth McGovern","Italy,United States",R,643ed4ddb9d8983fc9c019e1
Singin' in the Rain,,1952,8.3,"Comedy,Musical,Romance",103,A silent film star falls for a chorus girl just as he and his delusionally jealous screen partner are trying to make the difficult transition to talking pictures in 1920s Hollywood.,"Gene Kelly,Donald O'Connor,Debbie Reynolds",United States,G,643ed4ddb9d8983fc9c019e2
Requiem for a Dream,,2000,8.3,Drama,102,The drug-induced utopias of four Coney Island people are shattered when their addictions run deep.,"Ellen Burstyn,Jared Leto,Jennifer Connelly",United States,Unrated,643ed4ddb9d8983fc9c019e3
Toy Story 3,,2010,8.3,"Animation,Adventure,Comedy",103,"The toys are mistakenly delivered to a day-care center instead of the attic right before Andy leaves for college, and it's up to Woody to convince the other toys that they weren't abandoned and to return home.","John Lasseter,Andrew Stanton,Lee Unkrich,Tom Hanks,Tim Allen,Joan Cusack","United States,Japan",G,643ed4deb9d8983fc9c019e4
High and Low,Original title: Tengoku to jigoku,1963,8.4,"Crime,Drama,Mystery",143,An executive of a Yokohama shoe company becomes a victim of extortion when his chauffeur's son is kidnapped by mistake and held for ransom.,"Hideo Oguni,Ryûzô Kikushima,Eijirô Hisaita,Toshirô Mifune,Yutaka Sada,Tatsuya Nakadai",Japan,Not Rated,643ed4deb9d8983fc9c019e5
Capernaum,Original title: Capharnaüm,2018,8.4,Drama,126,"While serving a five-year sentence for a violent crime, a 12-year-old boy sues his parents for neglect.","Nadine Labaki,Jihad Hojeily,Michelle Keserwany,Zain Al Rafeea,Yordanos Shiferaw,Boluwatife Treasure Bankole","Lebanon,France,Cyprus,Qatar,United Kingdom",R,643ed4deb9d8983fc9c019e6
2001: A Space Odyssey,,1968,8.3,"Adventure,Sci-Fi",149,"After uncovering a mysterious artifact buried beneath the Lunar surface, a spacecraft is sent to Jupiter to find its origins - a spacecraft manned by two men and the supercomputer H.A.L. 9000.","Keir Dullea,Gary Lockwood,William Sylvester","United Kingdom,United States",G,643ed4deb9d8983fc9c019e7
Come and See,Original title: Idi i smotri,1985,8.4,"Drama,Thriller,War",142,"After finding an old rifle, a young boy joins the Soviet resistance movement against ruthless German forces and experiences the horrors of World War II.","Aleksey Kravchenko,Olga Mironova,Liubomiras Laucevicius",Soviet Union,Not Rated,643ed4dfb9d8983fc9c019e8
Eternal Sunshine of the Spotless Mind,,2004,8.3,"Drama,Romance,Sci-Fi",108,"When their relationship turns sour, a couple undergoes a medical procedure to have each other erased from their memories for ever.","Jim Carrey,Kate Winslet,Tom Wilkinson",United States,R,643ed4dfb9d8983fc9c019e9
The Hunt,Original title: Jagten,2012,8.3,Drama,115,"A teacher lives a lonely life, all the while struggling over his son's custody. His life slowly gets better as he finds love and receives good news from his son, but his new luck is about to be brutally shattered by an innocent little lie.","Mads Mikkelsen,Thomas Bo Larsen,Annika Wedderkopp","Denmark,Sweden",R,643ed4dfb9d8983fc9c019ea
Lawrence of Arabia,,1962,8.3,"Adventure,Biography,Drama",218,"The story of T.E. Lawrence, the English officer who successfully united and led the diverse, often warring, Arab tribes during World War I in order to fight the Turks.","Peter O'Toole,Alec Guinness,Anthony Quinn",United Kingdom,Approved,643ed4dfb9d8983fc9c019eb
Ikiru,,1952,8.3,Drama,143,A bureaucrat tries to find meaning in his life after he discovers he has terminal cancer.,"Takashi Shimura,Nobuo Kaneko,Shin'ichi Himori",Japan,Not Rated,643ed4dfb9d8983fc9c019ec
M,Original title: M - Eine Stadt sucht einen Mörder,1931,8.3,"Crime,Mystery,Thriller",99,"When the police in a German city are unable to catch a child-murderer, other criminals join in the manhunt.","Peter Lorre,Ellen Widmann,Inge Landgut",Germany,Passed,643ed4dfb9d8983fc9c019ed
Vertigo,,1958,8.3,"Mystery,Romance,Thriller",128,"A former San Francisco police detective juggles wrestling with his personal demons and becoming obsessed with the hauntingly beautiful woman he has been hired to trail, who may be deeply disturbed.","Alec Coppel,Samuel A. Taylor,Pierre Boileau,James Stewart,Kim Novak,Barbara Bel Geddes",United States,PG,643ed4e0b9d8983fc9c019ee
Amélie,Original title: Le fabuleux destin d'Amélie Poulain,2001,8.3,"Comedy,Romance",122,"Amélie is an innocent and naive girl in Paris with her own sense of justice. She decides to help those around her and, along the way, discovers love.","Audrey Tautou,Mathieu Kassovitz,Rufus","France,Germany",R,643ed4e0b9d8983fc9c019ef
The Apartment,,1960,8.3,"Comedy,Drama,Romance",125,"A Manhattan insurance clerk tries to rise in his company by letting its executives use his apartment for trysts, but complications and a romance of his own ensue.","Jack Lemmon,Shirley MacLaine,Fred MacMurray",United States,Approved,643ed4e0b9d8983fc9c019f0
A Clockwork Orange,,1971,8.3,"Crime,Sci-Fi",136,"In the future, a sadistic gang leader is imprisoned and volunteers for a conduct-aversion experiment, but it doesn't go as planned.","Malcolm McDowell,Patrick Magee,Michael Bates","United Kingdom,United States",X,643ed4e0b9d8983fc9c019f1
Scarface,,1983,8.3,"Crime,Drama",170,"In 1980 Miami, a determined Cuban immigrant takes over a drug cartel and succumbs to greed.","Oliver Stone,Howard Hawks,Ben Hecht,Al Pacino,Michelle Pfeiffer,Steven Bauer",United States,R,643ed4e1b9d8983fc9c019f2
Full Metal Jacket,,1987,8.3,"Drama,War",116,A pragmatic U.S. Marine observes the dehumanizing effects the Vietnam War has on his fellow recruits from their brutal boot camp training to the bloody street fighting in Hue.,"Matthew Modine,R. Lee Ermey,Vincent D'Onofrio","United Kingdom,United States",R,643ed4e1b9d8983fc9c019f3
Incendies,,2010,8.3,"Drama,Mystery",131,Twins journey to the Middle East to discover their family history and fulfill their mother's last wishes.,"Lubna Azabal,Mélissa Désormeaux-Poulin,Maxim Gaudette","Canada,France",R,643ed4e1b9d8983fc9c019f4
To Kill a Mockingbird,,1962,8.3,"Crime,Drama",129,"Atticus Finch, a widowed lawyer in Depression-era Alabama, defends a Black man against an undeserved rape charge, and tries to educate his young children against prejudice.","Gregory Peck,John Megna,Frank Overton",United States,Approved,643ed4e1b9d8983fc9c019f5
The Sting,,1973,8.3,"Comedy,Crime,Drama",129,Two grifters team up to pull off the ultimate con.,"Paul Newman,Robert Redford,Robert Shaw",United States,PG,643ed4e1b9d8983fc9c019f6
Up,,2009,8.3,"Animation,Adventure,Comedy",96,"78-year-old Carl Fredricksen travels to Paradise Falls in his house equipped with balloons, inadvertently taking a young stowaway.","Edward Asner,Jordan Nagai,John Ratzenberger","United States,Japan",PG,643ed4e1b9d8983fc9c019f7
Metropolis,,1927,8.3,"Drama,Sci-Fi",153,"In a futuristic city sharply divided between the working class and the city planners, the son of the city's mastermind falls in love with a working-class prophet who predicts the coming of a savior to mediate their differences.","Brigitte Helm,Alfred Abel,Gustav Fröhlich",Germany,Not Rated,643ed4e2b9d8983fc9c019f8
Taxi Driver,,1976,8.2,"Crime,Drama",114,"A mentally unstable veteran works as a nighttime taxi driver in New York City, where the perceived decadence and sleaze fuels his urge for violent action.","Robert De Niro,Jodie Foster,Cybill Shepherd",United States,R,643ed4e2b9d8983fc9c019f9
Indiana Jones and the Last Crusade,,1989,8.2,"Action,Adventure",127,"In 1938, after his father goes missing while pursuing the Holy Grail, Indiana Jones finds himself up against the Nazis again to stop them from obtaining its powers.","Jeffrey Boam,George Lucas,Menno Meyjes,Harrison Ford,Sean Connery,Alison Doody",United States,PG-13,643ed4e2b9d8983fc9c019fa
Die Hard,,1988,8.2,"Action,Thriller",132,A New York City police officer tries to save his estranged wife and several others taken hostage by terrorists during a Christmas party at the Nakatomi Plaza in Los Angeles.,"Bruce Willis,Alan Rickman,Bonnie Bedelia",United States,R,643ed4e2b9d8983fc9c019fb
Bicycle Thieves,Original title: Ladri di biciclette,1948,8.3,Drama,89,"In post-war Italy, a working-class man's bicycle is stolen, endangering his efforts to find work. He and his son set out to find it.","Cesare Zavattini,Luigi Bartolini,Oreste Biancoli,Lamberto Maggiorani,Enzo Staiola,Lianella Carell",Italy,Not Rated,643ed4e2b9d8983fc9c019fc
1917,,2019,8.2,"Action,Drama,War",119,"April 6th, 1917. As an infantry battalion assembles to wage war deep in enemy territory, two soldiers are assigned to race against time and deliver a message that will stop 1,600 men from walking straight into a deadly trap.","Dean-Charles Chapman,George MacKay,Daniel Mays","United Kingdom,United States,India,Spain",R,643ed4e3b9d8983fc9c019fd
Downfall,Original title: Der Untergang,2004,8.2,"Biography,Drama,History",156,"Traudl Junge, the final secretary for Adolf Hitler, tells of the Nazi dictator's final days in his Berlin bunker at the end of WWII.","Bernd Eichinger,Joachim Fest,Traudl Junge,Bruno Ganz,Alexandra Maria Lara,Ulrich Matthes","Germany,Austria,Italy",R,643ed4e3b9d8983fc9c019fe
Top Gun: Maverick,,2022,8.3,"Action,Drama",130,"After thirty years, Maverick is still pushing the envelope as a top naval aviator, but must confront ghosts of his past when he leads TOP GUN's elite graduates on a mission that demands the ultimate sacrifice from those chosen to fly it.","Jim Cash,Jack Epps Jr.,Peter Craig,Tom Cruise,Jennifer Connelly,Miles Teller",United States,PG-13,643ed4e3b9d8983fc9c019ff
For a Few Dollars More,Original title: Per qualche dollaro in più,1965,8.2,Western,132,Two bounty hunters with the same intentions team up to track down an escaped Mexican outlaw.,"Sergio Leone,Fulvio Morsella,Luciano Vincenzoni,Clint Eastwood,Lee Van Cleef,Gian Maria Volontè","Italy,Spain,West Germany",R,643ed4e3b9d8983fc9c01a00
The Kid,,1921,8.3,"Comedy,Drama,Family",68,"The Tramp cares for an abandoned child, but events put their relationship in jeopardy.","Charles Chaplin,Edna Purviance,Jackie Coogan",United States,Passed,643ed4e4b9d8983fc9c01a01
Batman Begins,,2005,8.2,"Action,Crime,Drama",140,"After training with his mentor, Batman begins his fight to free crime-ridden Gotham City from corruption.","Christian Bale,Michael Caine,Ken Watanabe","United States,United Kingdom",PG-13,643ed4e4b9d8983fc9c01a02
The Father,,2020,8.2,"Drama,Mystery",97,"A man refuses all assistance from his daughter as he ages. As he tries to make sense of his changing circumstances, he begins to doubt his loved ones, his own mind and even the fabric of his reality.","Anthony Hopkins,Olivia Colman,Mark Gatiss","United Kingdom,France,United States",PG-13,643ed4e4b9d8983fc9c01a03
Some Like It Hot,,1959,8.2,"Comedy,Music,Romance",121,"After two male musicians witness a mob hit, they flee the state in an all-female band disguised as women, but further complications set in.","Billy Wilder,I.A.L. Diamond,Robert Thoeren,Marilyn Monroe,Tony Curtis,Jack Lemmon",United States,Passed,643ed4e4b9d8983fc9c01a04
The Wolf of Wall Street,,2013,8.2,"Biography,Comedy,Crime",180,"Based on the true story of Jordan Belfort, from his rise to a wealthy stock-broker living the high life to his fall involving crime, corruption and the federal government.","Leonardo DiCaprio,Jonah Hill,Margot Robbie",United States,R,643ed4e4b9d8983fc9c01a05
All About Eve,,1950,8.2,Drama,138,A seemingly timid but secretly ruthless ingénue insinuates herself into the lives of an aging Broadway star and her circle of theater friends.,"Bette Davis,Anne Baxter,George Sanders",United States,Passed,643ed4e4b9d8983fc9c01a06
Ran,,1985,8.2,"Action,Drama,War",162,"In Medieval Japan, an elderly warlord retires, handing over his empire to his three sons. However, he vastly underestimates how the new-found power will corrupt them and cause them to turn on each other...and him.","Akira Kurosawa,Hideo Oguni,Masato Ide,Tatsuya Nakadai,Akira Terao,Jinpachi Nezu","Japan,France",R,643ed4e5b9d8983fc9c01a07
Judgment at Nuremberg,,1961,8.3,"Drama,War",179,"In 1948, an American court in occupied Germany tries four Nazis judged for war crimes.","Spencer Tracy,Burt Lancaster,Richard Widmark",United States,Approved,643ed4e5b9d8983fc9c01a08
The Truman Show,,1998,8.2,"Comedy,Drama",103,An insurance salesman discovers his whole life is actually a reality TV show.,"Jim Carrey,Ed Harris,Laura Linney",United States,PG,643ed4e5b9d8983fc9c01a09
Casino,,1995,8.2,"Crime,Drama",178,"A tale of greed, deception, money, power, and murder occur between two best friends: a mafia enforcer and a casino executive compete against each other over a gambling empire, and over a fast-living and fast-loving socialite.","Robert De Niro,Sharon Stone,Joe Pesci","United States,France",R,643ed4e5b9d8983fc9c01a0a
Pan's Labyrinth,Original title: El laberinto del fauno,2006,8.2,"Drama,Fantasy,War",118,"In the Falangist Spain of 1944, the bookish young stepdaughter of a sadistic army officer escapes into an eerie but captivating fantasy world.","Ivana Baquero,Ariadna Gil,Sergi López","Mexico,Spain",R,643ed4e5b9d8983fc9c01a0b
The Sixth Sense,,1999,8.2,"Drama,Mystery,Thriller",107,"A frightened, withdrawn Philadelphia boy who communicates with spirits seeks the help of a disheartened child psychologist.","Bruce Willis,Haley Joel Osment,Toni Collette",United States,PG-13,643ed4e6b9d8983fc9c01a0c
Shutter Island,,2010,8.2,"Mystery,Thriller",138,"In 1954, a U.S. Marshal investigates the disappearance of a murderer who escaped from a hospital for the criminally insane.","Leonardo DiCaprio,Emily Mortimer,Mark Ruffalo",United States,R,643ed4e6b9d8983fc9c01a0d
A Beautiful Mind,,2001,8.2,"Biography,Drama",135,"After John Nash, a brilliant but asocial mathematician, accepts secret work in cryptography, his life takes a turn for the nightmarish.","Russell Crowe,Ed Harris,Jennifer Connelly",United States,PG-13,643ed4e6b9d8983fc9c01a0e
Jurassic Park,,1993,8.2,"Action,Adventure,Sci-Fi",127,A pragmatic paleontologist touring an almost complete theme park on an island in Central America is tasked with protecting a couple of kids after a power failure causes the park's cloned dinosaurs to run loose.,"Sam Neill,Laura Dern,Jeff Goldblum",United States,PG-13,643ed4e6b9d8983fc9c01a0f
The Treasure of the Sierra Madre,,1948,8.2,"Adventure,Drama,Western",126,Two down-on-their-luck Americans searching for work in 1920s Mexico convince an old prospector to help them mine for gold in the Sierra Madre Mountains.,"Humphrey Bogart,Walter Huston,Tim Holt",United States,Passed,643ed4e6b9d8983fc9c01a10
Monty Python and the Holy Grail,,1975,8.2,"Adventure,Comedy,Fantasy",91,"King Arthur and his Knights of the Round Table embark on a surreal, low-budget search for the Holy Grail, encountering many, very silly obstacles.","Graham Chapman,John Cleese,Eric Idle,Graham Chapman,John Cleese,Eric Idle",United Kingdom,PG,643ed4e7b9d8983fc9c01a11
Yojimbo,Original title: Yôjinbô,1961,8.2,"Action,Drama,Thriller",110,A crafty ronin comes to a town divided by two criminal gangs and decides to play them against each other to free the town.,"Toshirô Mifune,Eijirô Tôno,Tatsuya Nakadai",Japan,Not Rated,643ed4e7b9d8983fc9c01a12
The Great Escape,,1963,8.2,"Adventure,Drama,History",172,Allied prisoners of war plan for several hundred of their number to escape from a German camp during World War II.,"Steve McQueen,James Garner,Richard Attenborough",United States,Approved,643ed4e7b9d8983fc9c01a13
Rashomon,Original title: Rashômon,1950,8.2,"Crime,Drama,Mystery",88,"The rape of a bride and the murder of her samurai husband are recalled from the perspectives of a bandit, the bride, the samurai's ghost and a woodcutter.","Toshirô Mifune,Machiko Kyô,Masayuki Mori",Japan,Not Rated,643ed4e7b9d8983fc9c01a14
Spider-Man: No Way Home,,2021,8.2,"Action,Adventure,Fantasy",148,"With Spider-Man's identity now revealed, Peter asks Doctor Strange for help. When a spell goes wrong, dangerous foes from other worlds start to appear, forcing Peter to discover what it truly means to be Spider-Man.","Chris McKenna,Erik Sommers,Stan Lee,Tom Holland,Zendaya,Benedict Cumberbatch",United States,PG-13,643ed4e7b9d8983fc9c01a15
The Thing,,1982,8.2,"Horror,Mystery,Sci-Fi",109,A research team in Antarctica is hunted by a shape-shifting alien that assumes the appearance of its victims.,"Kurt Russell,Wilford Brimley,Keith David","United States,Canada",R,643ed4e7b9d8983fc9c01a16
The Elephant Man,,1980,8.2,"Biography,Drama",124,"A Victorian surgeon rescues a heavily disfigured man who is mistreated while scraping a living as a side-show freak. Behind his monstrous façade, there is revealed a person of kindness, intelligence and sophistication.","Christopher De Vore,Eric Bergren,David Lynch,Anthony Hopkins,John Hurt,Anne Bancroft","United States,United Kingdom",PG,643ed4e8b9d8983fc9c01a17
Raging Bull,,1980,8.1,"Biography,Drama,Sport",129,"The life of boxer Jake LaMotta, whose violence and temper that led him to the top in the ring destroyed his life outside of it.","Jake LaMotta,Joseph Carter,Peter Savage,Robert De Niro,Cathy Moriarty,Joe Pesci",United States,R,643ed4e8b9d8983fc9c01a18
Gone with the Wind,,1939,8.2,"Drama,Romance,War",238,American motion picture classic in which a manipulative woman and a roguish man conduct a turbulent romance during the Civil War and Reconstruction periods.,"Margaret Mitchell,Sidney Howard,Oliver H.P. Garrett,Clark Gable,Vivien Leigh,Thomas Mitchell",United States,Passed,643ed4e8b9d8983fc9c01a19
V for Vendetta,,2005,8.2,"Action,Drama,Sci-Fi",132,"In a future British dystopian society, a shadowy freedom fighter, known only by the alias of ""V"", plots to overthrow the tyrannical government - with the help of a young woman.","Hugo Weaving,Natalie Portman,Rupert Graves","United States,United Kingdom,Germany",R,643ed4e8b9d8983fc9c01a1a
Dial M for Murder,,1954,8.2,"Crime,Thriller",105,A former tennis star arranges the murder of his adulterous wife.,"Ray Milland,Grace Kelly,Robert Cummings",United States,PG,643ed4e8b9d8983fc9c01a1b
The Secret in Their Eyes,Original title: El secreto de sus ojos,2009,8.2,"Drama,Mystery,Romance",129,A retired legal counselor writes a novel hoping to find closure for one of his past unresolved homicide cases and for his unreciprocated love with his superior - both of which still haunt him decades later.,"Ricardo Darín,Soledad Villamil,Pablo Rago","Argentina,Spain",R,643ed4e9b9d8983fc9c01a1c
"Three Billboards Outside Ebbing, Missouri",,2017,8.1,"Comedy,Crime,Drama",115,A mother personally challenges the local authorities to solve her daughter's murder when they fail to catch the culprit.,"Frances McDormand,Woody Harrelson,Sam Rockwell","United Kingdom,United States",R,643ed4e9b9d8983fc9c01a1d
Howl's Moving Castle,Original title: Hauru no ugoku shiro,2004,8.2,"Animation,Adventure,Family",119,"When an unconfident young woman is cursed with an old body by a spiteful witch, her only chance of breaking the spell lies with a self-indulgent yet insecure young wizard and his companions in his legged, walking castle.","Chieko Baisho,Takuya Kimura,Tatsuya Gashûin",Japan,PG,643ed4e9b9d8983fc9c01a1e
The Bridge on the River Kwai,,1957,8.1,"Adventure,Drama,War",161,"British POWs are forced to build a railway bridge across the river Kwai for their Japanese captors in occupied Burma, not knowing that the allied forces are planning a daring commando raid through the jungle to destroy it.","William Holden,Alec Guinness,Jack Hawkins","United Kingdom,United States",PG,643ed4e9b9d8983fc9c01a1f
Fargo,,1996,8.1,"Crime,Thriller",98,Minnesota car salesman Jerry Lundegaard's inept crime falls apart due to his and his henchmen's bungling and the persistent police work of the quite pregnant Marge Gunderson.,"William H. Macy,Frances McDormand,Steve Buscemi","United States,United Kingdom",R,643ed4eab9d8983fc9c01a20
Warrior,,2011,8.2,"Action,Drama,Sport",140,"The youngest son of an alcoholic former boxer returns home, where he's trained by his father for competition in a mixed martial arts tournament - a path that puts the fighter on a collision course with his estranged, older brother.","Tom Hardy,Nick Nolte,Joel Edgerton",United States,PG-13,643ed4eab9d8983fc9c01a21
Prisoners,,2013,8.1,"Crime,Drama,Mystery",153,"When Keller Dover's daughter and her friend go missing, he takes matters into his own hands as the police pursue multiple leads and the pressure mounts.","Hugh Jackman,Jake Gyllenhaal,Viola Davis",United States,R,643ed4eab9d8983fc9c01a22
John Wick: Chapter 4,,2023,8.2,"Action,Crime,Thriller",169,"John Wick uncovers a path to defeating The High Table. But before he can earn his freedom, Wick must face off against a new enemy with powerful alliances across the globe and forces that turn old friends into foes.","Keanu Reeves,Laurence Fishburne,George Georgiou","United States,Germany",R,643ed4eab9d8983fc9c01a23
My Neighbor Totoro,Original title: Tonari no Totoro,1988,8.1,"Animation,Comedy,Family",86,"When two girls move to the country to be near their ailing mother, they have adventures with the wondrous forest spirits who live nearby.","Hitoshi Takagi,Noriko Hidaka,Chika Sakamoto",Japan,G,643ed4ebb9d8983fc9c01a24
Catch Me If You Can,,2002,8.1,"Biography,Crime,Drama",141,"Barely 21 yet, Frank is a skilled forger who has passed as a doctor, lawyer and pilot. FBI agent Carl becomes obsessed with tracking down the con man, who only revels in the pursuit.","Leonardo DiCaprio,Tom Hanks,Christopher Walken","United States,Canada",PG-13,643ed4ebb9d8983fc9c01a25
Children of Heaven,Original title: Bacheha-Ye aseman,1997,8.2,"Drama,Family,Sport",89,"After a boy loses his sister's pair of shoes, he goes on a series of adventures in order to find them. When he can't, he tries a new way to ""win"" a new pair.","Mohammad Amir Naji,Amir Farrokh Hashemian,Bahare Seddiqi",Iran,PG,643ed4ebb9d8983fc9c01a26
The Gold Rush,,1925,8.1,"Adventure,Comedy,Drama",95,"A prospector goes to the Klondike during the 1890s gold rush in hopes of making his fortune, and is smitten with a girl he sees in a dance hall.","Charles Chaplin,Mack Swain,Tom Murray",United States,Passed,643ed4ebb9d8983fc9c01a27
Blade Runner,,1982,8.1,"Action,Drama,Sci-Fi",117,A blade runner must pursue and terminate four replicants who stole a ship in space and have returned to Earth to find their creator.,"Harrison Ford,Rutger Hauer,Sean Young",United States,R,643ed4ebb9d8983fc9c01a28
Harry Potter and the Deathly Hallows: Part 2,,2011,8.1,"Adventure,Family,Fantasy",130,"Harry, Ron, and Hermione search for Voldemort's remaining Horcruxes in their effort to destroy the Dark Lord as the final battle rages on at Hogwarts.","Daniel Radcliffe,Emma Watson,Rupert Grint","United Kingdom,United States",PG-13,643ed4ecb9d8983fc9c01a29
12 Years a Slave,,2013,8.1,"Biography,Drama,History",134,"In the antebellum United States, Solomon Northup, a free black man from upstate New York, is abducted and sold into slavery.","Chiwetel Ejiofor,Michael Kenneth Williams,Michael Fassbender","United States,United Kingdom",R,643ed4ecb9d8983fc9c01a2a
On the Waterfront,,1954,8.1,"Crime,Drama,Thriller",108,"An ex-prize fighter turned New Jersey longshoreman struggles to stand up to his corrupt union bosses, including his older brother, as he starts to connect with the grieving sister of one of the syndicate's victims.","Marlon Brando,Karl Malden,Lee J. Cobb",United States,Approved,643ed4ecb9d8983fc9c01a2b
Ben-Hur,,1959,8.1,"Adventure,Drama",212,"After a Jewish prince is betrayed and sent into slavery by a Roman friend in 1st-century Jerusalem, he regains his freedom and comes back for revenge.","Lew Wallace,Karl Tunberg,Gore Vidal,Charlton Heston,Jack Hawkins,Stephen Boyd",United States,G,643ed4ecb9d8983fc9c01a2c
Gone Girl,,2014,8.1,"Drama,Mystery,Thriller",149,"With his wife's disappearance having become the focus of an intense media circus, a man sees the spotlight turned on him when it's suspected that he may not be innocent.","Ben Affleck,Rosamund Pike,Neil Patrick Harris",United States,R,643ed4ecb9d8983fc9c01a2d
The General,,1926,8.1,"Action,Adventure,Comedy",67,"After being rejected by the Confederate military, not realizing it was due to his crucial civilian role, an engineer must single-handedly recapture his beloved locomotive after it is seized by Union spies and return it through enemy lines.","Buster Keaton,Clyde Bruckman,Al Boasberg,Buster Keaton,Marion Mack,Glen Cavender",United States,Passed,643ed4edb9d8983fc9c01a2e
In the Name of the Father,,1993,8.1,"Biography,Crime,Drama",133,A man's coerced confession to an I.R.A. bombing he did not commit results in the imprisonment of his father as well. An English lawyer fights to free them.,"Daniel Day-Lewis,Pete Postlethwaite,Alison Crosbie","Ireland,United Kingdom",R,643ed4edb9d8983fc9c01a2f
Barry Lyndon,,1975,8.1,"Adventure,Drama,War",185,An Irish rogue wins the heart of a rich widow and assumes her dead husband's aristocratic position in 18th-century England.,"Ryan O'Neal,Marisa Berenson,Patrick Magee","United Kingdom,United States",PG,643ed4edb9d8983fc9c01a30
Wild Strawberries,Original title: Smultronstället,1957,8.1,"Drama,Romance",91,"After living a life marked by coldness, an aging professor is forced to confront the emptiness of his existence.","Victor Sjöström,Bibi Andersson,Ingrid Thulin",Sweden,Not Rated,643ed4edb9d8983fc9c01a31
The Third Man,,1949,8.1,"Film-Noir,Mystery,Thriller",93,"Pulp novelist Holly Martins travels to shadowy, postwar Vienna, only to find himself investigating the mysterious death of an old friend, Harry Lime.","Graham Greene,Orson Welles,Alexander Korda,Orson Welles,Joseph Cotten,Alida Valli",United Kingdom,Approved,643ed4eeb9d8983fc9c01a32
The Wages of Fear,Original title: Le salaire de la peur,1953,8.2,"Adventure,Drama,Thriller",131,"In a decrepit South American village, four men are hired to transport an urgent nitroglycerine shipment without the equipment that would make it safe.","Yves Montand,Charles Vanel,Peter van Eyck","France,Italy",Not Rated,643ed4eeb9d8983fc9c01a33
Hacksaw Ridge,,2016,8.1,"Biography,Drama,History",139,"World War II American Army Medic Desmond T. Doss, who served during the Battle of Okinawa, refuses to kill people and becomes the first man in American history to receive the Medal of Honor without firing a shot.","Andrew Garfield,Sam Worthington,Luke Bracey","Australia,United States,United Kingdom,China",R,643ed4eeb9d8983fc9c01a34
Wild Tales,Original title: Relatos salvajes,2014,8.1,"Comedy,Drama,Thriller",122,Six short stories that explore the extremities of human behavior involving people in distress.,"Darío Grandinetti,María Marull,Mónica Villa","Argentina,Spain,France,United Kingdom",R,643ed4eeb9d8983fc9c01a35
Mr. Smith Goes to Washington,,1939,8.1,"Comedy,Drama",129,"A naive youth leader is appointed to fill a vacancy in the U.S. Senate. His idealistic plans promptly collide with corruption at home and subterfuge from his hero in Washington, but he tries to forge ahead despite attacks on his character.","James Stewart,Jean Arthur,Claude Rains",United States,Passed,643ed4eeb9d8983fc9c01a36
Sherlock Jr.,,1924,8.2,"Action,Comedy,Romance",45,"A film projectionist longs to be a detective, and puts his meagre skills to work when he is framed by a rival for stealing his girlfriend's father's pocketwatch.","Buster Keaton,Kathryn McGuire,Joe Keaton",United States,Passed,643ed4efb9d8983fc9c01a37
Mary and Max,Original title: Mary and Max.,2009,8.1,"Animation,Comedy,Drama",92,"A tale of friendship between two unlikely pen pals: Mary, a lonely, eight-year-old girl living in the suburbs of Melbourne, and Max, a forty-four-year old, severely obese man living in New York.","Toni Collette,Philip Seymour Hoffman,Eric Bana",Australia,Not Rated,643ed4efb9d8983fc9c01a38
How to Train Your Dragon,,2010,8.1,"Animation,Action,Adventure",98,"A hapless young Viking who aspires to hunt dragons becomes the unlikely friend of a young dragon himself, and learns there may be more to the creatures than he assumed.","Will Davies,Dean DeBlois,Chris Sanders,Jay Baruchel,Gerard Butler,Christopher Mintz-Plasse","United States,France",PG,643ed4efb9d8983fc9c01a39
The Seventh Seal,Original title: Det sjunde inseglet,1957,8.1,"Drama,Fantasy",96,"A knight returning to Sweden after the Crusades seeks answers about life, death, and the existence of God as he plays chess against the Grim Reaper during the Black Plague.","Max von Sydow,Gunnar Björnstrand,Bengt Ekerot",Sweden,Not Rated,643ed4efb9d8983fc9c01a3a
Mad Max: Fury Road,,2015,8.1,"Action,Adventure,Sci-Fi",120,"In a post-apocalyptic wasteland, a woman rebels against a tyrannical ruler in search for her homeland with the aid of a group of female prisoners, a psychotic worshiper and a drifter named Max.","Tom Hardy,Charlize Theron,Nicholas Hoult",Australia,R,643ed4efb9d8983fc9c01a3b
Room,,2015,8.1,"Drama,Thriller",118,"A little boy is held captive in a room with his mother since his birth, so he has never known the world outside.","Brie Larson,Jacob Tremblay,Sean Bridgers","Ireland,Canada,United Kingdom,United States",R,643ed4efb9d8983fc9c01a3c
Jaws,,1975,8.1,"Adventure,Thriller",124,"When a killer shark unleashes chaos on a beach community off Cape Cod, it's up to a local sheriff, a marine biologist, and an old seafarer to hunt the beast down.","Roy Scheider,Robert Shaw,Richard Dreyfuss",United States,PG,643ed4f0b9d8983fc9c01a3d
Dead Poets Society,,1989,8.1,"Comedy,Drama",128,Maverick teacher John Keating uses poetry to embolden his boarding school students to new heights of self-expression.,"Robin Williams,Robert Sean Leonard,Ethan Hawke",United States,PG,643ed4f0b9d8983fc9c01a3e
Tokyo Story,Original title: Tôkyô monogatari,1953,8.2,Drama,136,"An old couple visit their children and grandchildren in the city, but receive little attention.","Chishû Ryû,Chieko Higashiyama,Sô Yamamura",Japan,Not Rated,643ed4f0b9d8983fc9c01a3f
Ford v Ferrari,,2019,8.1,"Action,Biography,Drama",152,American car designer Carroll Shelby and driver Ken Miles battle corporate interference and the laws of physics to build a revolutionary race car for Ford in order to defeat Ferrari at the 24 Hours of Le Mans in 1966.,"Matt Damon,Christian Bale,Jon Bernthal",United States,PG-13,643ed4f0b9d8983fc9c01a40
Rocky,,1976,8.1,"Drama,Sport",120,A small-time Philadelphia boxer gets a supremely rare chance to fight the world heavyweight champion in a bout in which he strives to go the distance for his self-respect.,"Sylvester Stallone,Talia Shire,Burt Young",United States,PG,643ed4f0b9d8983fc9c01a41
Hotel Rwanda,,2004,8.1,"Biography,Drama,History",121,"Paul Rusesabagina, a hotel manager, houses over a thousand Tutsi refugees during their struggle against the Hutu militia in Rwanda, Africa.","Don Cheadle,Sophie Okonedo,Joaquin Phoenix","United Kingdom,South Africa,Italy,United States",PG-13,643ed4f1b9d8983fc9c01a42
Ratatouille,,2007,8.1,"Animation,Adventure,Comedy",111,A rat who can cook makes an unusual alliance with a young kitchen worker at a famous Paris restaurant.,"Brad Bird,Jan Pinkava,Jim Capobianco,Brad Garrett,Lou Romano,Patton Oswalt",United States,G,643ed4f1b9d8983fc9c01a43
Logan,,2017,8.1,"Action,Drama,Sci-Fi",137,"In a future where mutants are nearly extinct, an elderly and weary Logan leads a quiet life. But when Laura, a mutant child pursued by scientists, comes to him for help, he must get her to safety.","James Mangold,Scott Frank,Michael Green,Hugh Jackman,Patrick Stewart,Dafne Keen",United States,R,643ed4f1b9d8983fc9c01a44
Stand by Me,,1986,8.1,"Adventure,Drama",89,"After the death of one of his friends, a writer recounts a childhood journey with his friends to find the body of a missing boy.","Wil Wheaton,River Phoenix,Corey Feldman",United States,R,643ed4f1b9d8983fc9c01a45
The Terminator,,1984,8.1,"Action,Sci-Fi",107,"A human soldier is sent from 2029 to 1984 to stop an almost indestructible cyborg killing machine, sent from the same year, which has been programmed to execute a young woman whose unborn son is the key to humanity's future salvation.","Arnold Schwarzenegger,Linda Hamilton,Michael Biehn","United Kingdom,United States",R,643ed4f1b9d8983fc9c01a46
Network,,1976,8.1,Drama,121,"A television network cynically exploits a deranged former anchor's ravings and revelations about the news media for its own profit, but finds that his message may be difficult to control.","Faye Dunaway,William Holden,Peter Finch",United States,R,643ed4f2b9d8983fc9c01a47
Into the Wild,,2007,8.1,"Adventure,Biography,Drama",148,"After graduating from Emory University, top student and athlete Christopher McCandless abandons his possessions, gives his entire $24,000 savings account to charity and hitchhikes to Alaska to live in the wilderness. Along the way, Christopher encounters a series of characters that shape his life.","Emile Hirsch,Vince Vaughn,Catherine Keener",United States,R,643ed4f2b9d8983fc9c01a48
The Best Years of Our Lives,,1946,8.1,"Drama,Romance,War",170,"Three World War II veterans, two of them traumatized or disabled, return home to the American midwest to discover that they and their families have been irreparably changed.","Myrna Loy,Dana Andrews,Fredric March",United States,Approved,643ed4f2b9d8983fc9c01a49
The Wizard of Oz,,1939,8.1,"Adventure,Family,Fantasy",102,"Young Dorothy Gale and her dog Toto are swept away by a tornado from their Kansas farm to the magical Land of Oz, and embark on a quest with three new friends to see the Wizard, who can return her to her home and fulfill the others' wishes.","Victor Fleming,George Cukor,Mervyn LeRoy,Noel Langley,Florence Ryerson,Edgar Allan Woolf,Judy Garland,Frank Morgan,Ray Bolger",United States,G,643ed4f2b9d8983fc9c01a4a
Groundhog Day,,1993,8.0,"Comedy,Drama,Fantasy",101,"A narcissistic, self-centered weatherman finds himself in a time loop on Groundhog Day, and the day keeps repeating until he gets it right.","Bill Murray,Andie MacDowell,Chris Elliott",United States,PG,643ed4f2b9d8983fc9c01a4b
To Be or Not to Be,,1942,8.2,"Comedy,Romance,War",99,"During the Nazi occupation of Poland, an acting troupe becomes embroiled in a Polish soldier's efforts to track down a German spy.","Carole Lombard,Jack Benny,Robert Stack",United States,Passed,643ed4f3b9d8983fc9c01a4c
Pirates of the Caribbean: The Curse of the Black Pearl,,2003,8.1,"Action,Adventure,Fantasy",143,"Blacksmith Will Turner teams up with eccentric pirate ""Captain"" Jack Sparrow to save his love, the governor's daughter, from Jack's former pirate allies, who are now undead.","Ted Elliott,Terry Rossio,Stuart Beattie,Johnny Depp,Geoffrey Rush,Orlando Bloom",United States,PG-13,643ed4f3b9d8983fc9c01a4d
La haine,,1995,8.1,"Crime,Drama",98,24 hours in the lives of three young men in the French suburbs the day after a violent riot.,"Vincent Cassel,Hubert Koundé,Saïd Taghmaoui",France,Not Rated,643ed4f3b9d8983fc9c01a4e
The Battle of Algiers,Original title: La battaglia di Algeri,1966,8.1,"Drama,War",121,"In the 1950s, fear and violence escalate as the people of Algiers fight for independence from the French government.","Brahim Hadjadj,Jean Martin,Yacef Saadi","Italy,Algeria",Not Rated,643ed4f3b9d8983fc9c01a4f
Pather Panchali,,1955,8.2,Drama,125,"Impoverished priest Harihar Ray, dreaming of a better life for himself and his family, leaves his rural Bengal village in search of work.","Kanu Bannerjee,Karuna Bannerjee,Subir Banerjee",India,Not Rated,643ed4f3b9d8983fc9c01a50
The Grapes of Wrath,,1940,8.1,Drama,129,"An Oklahoma family, driven off their farm by the poverty and hopelessness of the Dust Bowl, joins the westward migration to California, suffering the misfortunes of the homeless in the Great Depression.","Henry Fonda,Jane Darwell,John Carradine",United States,Passed,643ed4f4b9d8983fc9c01a51
Jai Bhim,,2021,8.8,"Crime,Drama,Mystery",164,"When a tribal man is arrested for a case of alleged theft, his wife turns to a human-rights lawyer to help bring justice.","Suriya,Lijo Mol Jose,Manikandan K.",India,TV-MA,643ed4f4b9d8983fc9c01a52
My Father and My Son,Original title: Babam ve Oglum,2005,8.2,"Drama,Family",112,The family of a left-wing journalist is torn apart after the military coup of Turkey in 1980.,"Çetin Tekindor,Fikret Kuskan,Hümeyra",Turkey,Not Rated,643ed4f4b9d8983fc9c01a53
Amores Perros,Original title: Amores perros,2000,8.1,"Drama,Thriller",154,"A horrific car accident connects three stories, each involving characters dealing with loss, regret, and life's harsh realities, all in the name of love.","Emilio Echevarría,Gael García Bernal,Goya Toledo",Mexico,R,643ed4f4b9d8983fc9c01a54
Hachi: A Dog's Tale,,2009,8.1,"Biography,Drama,Family",93,A college professor bonds with an abandoned dog he takes into his home.,"Richard Gere,Joan Allen,Cary-Hiroyuki Tagawa","United Kingdom,United States",G,643ed4f4b9d8983fc9c01a55
The Handmaiden,Original title: Ah-ga-ssi,2016,8.1,"Drama,Romance,Thriller",145,"A woman is hired as a handmaiden to a Japanese heiress, but secretly she is involved in a plot to defraud her.","Kim Min-hee,Ha Jung-woo,Cho Jin-woong",South Korea,Not Rated,643ed4f5b9d8983fc9c01a56
Cool Hand Luke,,1967,8.1,"Crime,Drama",127,"A laid back Southern man is sentenced to two years in a rural prison, but refuses to conform.","Paul Newman,George Kennedy,Strother Martin",United States,GP,643ed4f5b9d8983fc9c01a57
The 400 Blows,Original title: Les quatre cents coups,1959,8.1,"Crime,Drama",99,"A young boy, left without attention, delves into a life of petty crime.","Jean-Pierre Léaud,Albert Rémy,Claire Maurier",France,Not Rated,643ed4f5b9d8983fc9c01a58
The Sound of Music,,1965,8.1,"Biography,Drama,Family",172,A young novice is sent by her convent in 1930s Austria to become a governess to the seven children of a widowed naval officer.,"Georg Hurdalek,Howard Lindsay,Russel Crouse,Julie Andrews,Christopher Plummer,Eleanor Parker",United States,G,643ed4f6b9d8983fc9c01a59
Persona,,1966,8.1,"Drama,Thriller",83,A nurse is put in charge of a mute actress and finds that their personae are melding together.,"Bibi Andersson,Liv Ullmann,Margaretha Krook",Sweden,Not Rated,643ed4f6b9d8983fc9c01a5a
It Happened One Night,,1934,8.1,"Comedy,Romance",105,"A renegade reporter trailing a young runaway heiress for a big story joins her on a bus heading from Florida to New York, and they end up stuck with each other when the bus leaves them behind at one of the stops.","Clark Gable,Claudette Colbert,Walter Connolly",United States,Passed,643ed4f6b9d8983fc9c01a5b
The Iron Giant,,1999,8.1,"Animation,Action,Adventure",86,A young boy befriends a giant robot from outer space that a paranoid government agent wants to destroy.,"Tim McCanlies,Brad Bird,Ted Hughes,Eli Marienthal,Harry Connick Jr.,Jennifer Aniston","United States,Denmark",PG,643ed4f6b9d8983fc9c01a5c
Aladdin,,1992,8.0,"Animation,Adventure,Comedy",90,A kindhearted street urchin and a power-hungry Grand Vizier vie for a magic lamp that has the power to make their deepest wishes come true.,"Ron Clements,John Musker,Ted Elliott,Scott Weinger,Robin Williams,Linda Larkin","United States,Japan",G,643ed4f6b9d8983fc9c01a5d
Dersu Uzala,,1975,8.2,"Adventure,Biography,Drama",142,The Russian army sends an explorer on an expedition to the snowy Siberian wilderness where he makes friends with a seasoned local hunter.,"Maksim Munzuk,Yuriy Solomin,Mikhail Bychkov","Soviet Union,Japan",G,643ed4f7b9d8983fc9c01a5e
The Help,,2011,8.1,Drama,146,"An aspiring author during the civil rights movement of the 1960s decides to write a book detailing the African American maids' point of view on the white families for which they work, and the hardships they go through on a daily basis.","Viola Davis,Emma Stone,Octavia Spencer","United States,India",PG-13,643ed4f7b9d8983fc9c01a5f
Dances with Wolves,,1990,8.0,"Adventure,Drama,Western",181,"Lieutenant John Dunbar, assigned to a remote western Civil War outpost, finds himself engaging with a neighbouring Sioux settlement, causing him to question his own purpose.","Kevin Costner,Mary McDonnell,Graham Greene","United States,United Kingdom",PG-13,643ed4f7b9d8983fc9c01a60
Life of Brian,,1979,8.0,Comedy,94,"Born on the original Christmas in the stable next door to Jesus Christ, Brian of Nazareth spends his life being mistaken for a messiah.","Graham Chapman,John Cleese,Terry Gilliam,Graham Chapman,John Cleese,Michael Palin",United Kingdom,R,643ed4f7b9d8983fc9c01a61
Rebecca,,1940,8.1,"Drama,Film-Noir,Mystery",130,A self-conscious woman juggles adjusting to her new role as an aristocrat's wife and avoiding being intimidated by his first wife's spectral presence.,"Daphne Du Maurier,Robert E. Sherwood,Joan Harrison,Laurence Olivier,Joan Fontaine,George Sanders",United States,Approved,643ed4f7b9d8983fc9c01a62
The Incredibles,,2004,8.0,"Animation,Action,Adventure",115,"While trying to lead a quiet suburban life, a family of undercover superheroes are forced into action to save the world.","Craig T. Nelson,Samuel L. Jackson,Holly Hunter","United States,Japan",PG,643ed4f8b9d8983fc9c01a63
The Exorcist,,1973,8.1,Horror,122,"When a 12 year old girl is possessed by a mysterious entity, her mother seeks the help of two priests to save her daughter.","Ellen Burstyn,Max von Sydow,Linda Blair",United States,R,643ed4f8b9d8983fc9c01a64
Before Sunset,,2004,8.1,"Drama,Romance",80,"Nine years after Jesse and Celine first met, they encounter each other again on the French leg of Jesse's book tour.","Richard Linklater,Julie Delpy,Ethan Hawke,Ethan Hawke,Julie Delpy,Vernon Dobtcheff","United States,France",R,643ed4f8b9d8983fc9c01a65
Rush,,2013,8.1,"Action,Biography,Drama",123,The merciless 1970s rivalry between Formula One rivals James Hunt and Niki Lauda.,"Daniel Brühl,Chris Hemsworth,Olivia Wilde","United Kingdom,United States",R,643ed4f8b9d8983fc9c01a66
Spotlight,,2015,8.1,"Biography,Crime,Drama",129,"The true story of how the Boston Globe uncovered the massive scandal of child molestation and cover-up within the local Catholic Archdiocese, shaking the entire Catholic Church to its core.","Mark Ruffalo,Michael Keaton,Rachel McAdams",United States,R,643ed4f8b9d8983fc9c01a67
Platoon,,1986,8.1,"Drama,War",120,"Chris Taylor, a neophyte recruit in Vietnam, finds himself caught in a battle of wills between two sergeants, one good and the other evil. A shrewd examination of the brutality of war and the duality of man in conflict.","Charlie Sheen,Tom Berenger,Willem Dafoe","United States,United Kingdom",R,643ed4f8b9d8983fc9c01a68
The Passion of Joan of Arc,Original title: La passion de Jeanne d'Arc,1928,8.2,"Biography,Drama,History",114,"In 1431, Jeanne d'Arc is placed on trial on charges of heresy. The ecclesiastical jurists attempt to force Jeanne to recant her claims of holy visions.","Maria Falconetti,Eugene Silvain,André Berley",France,Passed,643ed4f9b9d8983fc9c01a69
The Big Lebowski,,1998,8.1,"Comedy,Crime",117,"Ultimate L.A. slacker Jeff ""The Dude"" Lebowski, mistaken for a millionaire of the same name, seeks restitution for a rug ruined by debt collectors, enlisting his bowling buddies for help while trying to find the millionaire's missing wife.","Jeff Bridges,John Goodman,Julianne Moore","United States,United Kingdom",R,643ed4f9b9d8983fc9c01a6a
"Monsters, Inc.",,2001,8.1,"Animation,Adventure,Comedy",92,"In order to power the city, monsters have to scare children so that they scream. However, the children are toxic to the monsters, and after a child gets through, two monsters realize things may not be what they think.","Pete Docter,Jill Culton,Jeff Pidgeon,Billy Crystal,John Goodman,Mary Gibbs","United States,Japan",G,643ed4f9b9d8983fc9c01a6b
Memories of Murder,Original title: Salinui chueok,2003,8.1,"Crime,Drama,Mystery",132,"In a small Korean province in 1986, two detectives struggle with the case of multiple young women being found raped and murdered by an unknown culprit.","Song Kang-ho,Kim Sang-kyung,Roe-ha Kim",South Korea,Not Rated,643ed4f9b9d8983fc9c01a6c
The Deer Hunter,,1978,8.1,"Drama,War",183,An in-depth examination of the ways in which the Vietnam War impacts and disrupts the lives of several friends in a small steel mill town in Pennsylvania.,"Michael Cimino,Deric Washburn,Louis Garfinkle,Robert De Niro,Christopher Walken,John Cazale","United States,United Kingdom",R,643ed4f9b9d8983fc9c01a6d
The Grand Budapest Hotel,,2014,8.1,"Adventure,Comedy,Crime",99,"A writer encounters the owner of an aging high-class hotel, who tells him of his early years serving as a lobby boy in the hotel's glorious years under an exceptional concierge.","Ralph Fiennes,F. Murray Abraham,Mathieu Amalric","United States,Germany",R,643ed4fab9d8983fc9c01a6e
Before Sunrise,,1995,8.1,"Drama,Romance",101,"A young man and woman meet on a train in Europe, and wind up spending one evening together in Vienna. Unfortunately, both know that this will probably be their only night together.","Ethan Hawke,Julie Delpy,Andrea Eckert","United States,Austria",R,643ed4fab9d8983fc9c01a6f
Klaus,,2019,8.2,"Animation,Adventure,Comedy",96,"A simple act of kindness always sparks another, even in a frozen, faraway place. When Smeerensburg's new postman, Jesper, befriends toymaker Klaus, their gifts melt an age-old feud and deliver a sleigh full of holiday traditions.","Jason Schwartzman,J.K. Simmons,Rashida Jones","Spain,United Kingdom,United States",PG,643ed4fab9d8983fc9c01a70
Million Dollar Baby,,2004,8.1,"Drama,Sport",132,A determined woman works with a hardened boxing trainer to become a professional.,"Hilary Swank,Clint Eastwood,Morgan Freeman",United States,PG-13,643ed4fab9d8983fc9c01a71
Gran Torino,,2008,8.1,Drama,116,"After a Hmong teenager tries to steal his prized 1972 Gran Torino, a disgruntled, prejudiced Korean War veteran seeks to redeem both the boy and himself.","Clint Eastwood,Bee Vang,Christopher Carley","Germany,United States",R,643ed4fab9d8983fc9c01a72
Trainspotting,,1996,8.1,Drama,93,"Renton, deeply immersed in the Edinburgh drug scene, tries to clean up and get out, despite the allure of the drugs and influence of friends.","Ewan McGregor,Ewen Bremner,Jonny Lee Miller",United Kingdom,R,643ed4fbb9d8983fc9c01a73
Inside Out,,2015,8.1,"Animation,Adventure,Comedy",95,"After young Riley is uprooted from her Midwest life and moved to San Francisco, her emotions - Joy, Fear, Anger, Disgust and Sadness - conflict on how best to navigate a new city, house, and school.","Pete Docter,Ronnie Del Carmen,Meg LeFauve,Amy Poehler,Bill Hader,Lewis Black","United States,Japan",PG,643ed4fbb9d8983fc9c01a74
"Lock, Stock and Two Smoking Barrels",,1998,8.1,"Action,Comedy,Crime",107,"Eddy persuades his three pals to pool money for a vital poker game against a powerful local mobster, Hatchet Harry. Eddy loses, after which Harry gives him a week to pay back 500,000 pounds.","Jason Flemyng,Dexter Fletcher,Nick Moran",United Kingdom,R,643ed4fbb9d8983fc9c01a75
Chinatown,,1974,8.2,"Drama,Mystery,Thriller",130,"A private detective hired to expose an adulterer in 1930s Los Angeles finds himself caught up in a web of deceit, corruption, and murder.","Jack Nicholson,Faye Dunaway,John Huston",United States,R,643ed4fbb9d8983fc9c01a76
Finding Nemo,,2003,8.2,"Animation,Adventure,Comedy",100,"After his son is captured in the Great Barrier Reef and taken to Sydney, a timid clownfish sets out on a journey to bring him home.","Albert Brooks,Ellen DeGeneres,Alexander Gould","United States,Japan",G,643ed4fcb9d8983fc9c01a77
Kill Bill: Vol. 1,,2003,8.2,"Action,Crime,Drama",111,"After awakening from a four-year coma, a former assassin wreaks vengeance on the team of assassins who betrayed her.","Uma Thurman,David Carradine,Daryl Hannah",United States,R,643ed4fcb9d8983fc9c01a78
No Country for Old Men,,2007,8.2,"Crime,Drama,Thriller",122,Violence and mayhem ensue after a hunter stumbles upon a drug deal gone wrong and more than two million dollars in cash near the Rio Grande.,"Tommy Lee Jones,Javier Bardem,Josh Brolin",United States,R,643ed4fcb9d8983fc9c01a79
Unforgiven,,1992,8.2,"Drama,Western",130,"Retired Old West gunslinger William Munny reluctantly takes on one last job, with the help of his old partner Ned Logan and a young man, The ""Schofield Kid.""","Clint Eastwood,Gene Hackman,Morgan Freeman",United States,R,643ed4fcb9d8983fc9c01a7a
There Will Be Blood,,2007,8.2,Drama,158,"A story of family, religion, hatred, oil and madness, focusing on a turn-of-the-century prospector in the early days of the business.","Daniel Day-Lewis,Paul Dano,Ciarán Hinds",United States,R,643ed4fcb9d8983fc9c01a7b
Green Book,,2018,8.2,"Biography,Comedy,Drama",130,A working-class Italian-American bouncer becomes the driver for an African-American classical pianist on a tour of venues through the 1960s American South.,"Viggo Mortensen,Mahershala Ali,Linda Cardellini","United States,China",PG-13,643ed4fcb9d8983fc9c01a7c
Dangal,,2016,8.3,"Biography,Drama,Sport",161,Former wrestler Mahavir Singh Phogat and his two wrestler daughters struggle towards glory at the Commonwealth Games in the face of societal oppression.,"Piyush Gupta,Shreyas Jain,Nikhil Mehrotra,Aamir Khan,Sakshi Tanwar,Fatima Sana Shaikh","India,United States",Not Rated,643ed4fdb9d8983fc9c01a7d
Like Stars on Earth,Original title: Taare Zameen Par,2007,8.3,"Drama,Family",165,"An eight-year-old boy is thought to be a lazy trouble-maker, until the new art teacher has the patience and compassion to discover the real problem behind his struggles in school.","Darsheel Safary,Aamir Khan,Tanay Chheda",India,PG,643ed4fdb9d8983fc9c01a7e
Snatch,,2000,8.2,"Comedy,Crime",102,"Unscrupulous boxing promoters, violent bookmakers, a Russian gangster, incompetent amateur robbers and supposedly Jewish jewelers fight to track down a priceless stolen diamond.","Jason Statham,Brad Pitt,Stephen Graham","United Kingdom,United States",R,643ed4fdb9d8983fc9c01a7f
L.A. Confidential,,1997,8.2,"Crime,Drama,Mystery",138,"As corruption grows in 1950s Los Angeles, three policemen - one strait-laced, one brutal, and one sleazy - investigate a series of murders with their own brand of justice.","Kevin Spacey,Russell Crowe,Guy Pearce",United States,R,643ed4fdb9d8983fc9c01a80
A Separation,Original title: Jodaeiye Nader az Simin,2011,8.3,Drama,123,A married couple are faced with a difficult decision - to improve the life of their child by moving to another country or to stay in Iran and look after a deteriorating parent who has Alzheimer's disease.,"Payman Maadi,Leila Hatami,Sareh Bayat","Iran,France,Australia",PG-13,643ed4fdb9d8983fc9c01a81
Heat,,1995,8.3,"Action,Crime,Drama",170,A group of high-end professional thieves start to feel the heat from the LAPD when they unknowingly leave a clue at their latest heist.,"Al Pacino,Robert De Niro,Val Kilmer",United States,R,643ed4fdb9d8983fc9c01a82
Hamilton,,2020,8.3,"Biography,Drama,History",160,"The real life of one of America's foremost founding fathers and first Secretary of the Treasury, Alexander Hamilton. Captured live on Broadway from the Richard Rodgers Theater with the original Broadway cast.","Lin-Manuel Miranda,Phillipa Soo,Leslie Odom Jr.",United States,PG-13,643ed4feb9d8983fc9c01a83
Double Indemnity,,1944,8.3,"Crime,Drama,Film-Noir",107,"A Los Angeles insurance representative lets an alluring housewife seduce him into a scheme of insurance fraud and murder that arouses the suspicion of his colleague, an insurance investigator.","Fred MacMurray,Barbara Stanwyck,Edward G. Robinson",United States,Passed,643ed4feb9d8983fc9c01a84
North by Northwest,,1959,8.3,"Action,Adventure,Mystery",136,"A New York City advertising executive goes on the run after being mistaken for a government agent by a group of foreign spies, and falls for a woman whose loyalties he begins to doubt.","Cary Grant,Eva Marie Saint,James Mason",United States,Approved,643ed4feb9d8983fc9c01a85
Citizen Kane,,1941,8.3,"Drama,Mystery",119,"Following the death of publishing tycoon Charles Foster Kane, reporters scramble to uncover the meaning of his final utterance: 'Rosebud.'","Herman J. Mankiewicz,Orson Welles,John Houseman,Orson Welles,Joseph Cotten,Dorothy Comingore",United States,PG,643ed4ffb9d8983fc9c01a86
Reservoir Dogs,,1992,8.3,"Crime,Thriller",99,"When a simple jewelry heist goes horribly wrong, the surviving criminals begin to suspect that one of them is a police informant.","Harvey Keitel,Tim Roth,Michael Madsen",United States,R,643ed4ffb9d8983fc9c01a87
Star Wars: Episode VI - Return of the Jedi,,1983,8.3,"Action,Adventure,Fantasy",131,"After rescuing Han Solo from Jabba the Hutt, the Rebels attempt to destroy the second Death Star, while Luke struggles to help Darth Vader back from the dark side.","Mark Hamill,Harrison Ford,Carrie Fisher",United States,PG,643ed4ffb9d8983fc9c01a88
3 Idiots,,2009,8.4,"Comedy,Drama",170,"Two friends are searching for their long lost companion. They revisit their college days and recall the memories of their friend who inspired them to think differently, even as the rest of the world called them ""idiots"".","Abhijat Joshi,Rajkumar Hirani,Vidhu Vinod Chopra,Aamir Khan,Madhavan,Mona Singh",India,PG-13,643ed4ffb9d8983fc9c01a89
Your Name.,Original title: Kimi no na wa.,2016,8.4,"Animation,Drama,Fantasy",106,"Two strangers find themselves linked in a bizarre way. When a connection forms, will distance be the only thing to keep them apart?","Ryunosuke Kamiki,Mone Kamishiraishi,Ryo Narita",Japan,TV-PG,643ed4ffb9d8983fc9c01a8a
Avengers: Endgame,,2019,8.4,"Action,Adventure,Drama",181,"After the devastating events of Avengers: Infinity War (2018), the universe is in ruins. With the help of remaining allies, the Avengers assemble once more in order to reverse Thanos' actions and restore balance to the universe.","Christopher Markus,Stephen McFeely,Stan Lee,Robert Downey Jr.,Chris Evans,Mark Ruffalo",United States,PG-13,643ed4ffb9d8983fc9c01a8b
Toy Story,,1995,8.3,"Animation,Adventure,Comedy",81,A cowboy doll is profoundly threatened and jealous when a new spaceman action figure supplants him as top toy in a boy's bedroom.,"John Lasseter,Pete Docter,Andrew Stanton,Tom Hanks,Tim Allen,Don Rickles","United States,Japan",G,643ed500b9d8983fc9c01a8c
Amadeus,,1984,8.4,"Biography,Drama,Music",160,"The life, success and troubles of Wolfgang Amadeus Mozart, as told by Antonio Salieri, the contemporaneous composer who was deeply jealous of Mozart's talent and claimed to have murdered him.","F. Murray Abraham,Tom Hulce,Elizabeth Berridge","United States,France,Italy",PG,643ed500b9d8983fc9c01a8d
American Beauty,,1999,8.4,Drama,122,A sexually frustrated suburban father has a mid-life crisis after becoming infatuated with his daughter's best friend.,"Kevin Spacey,Annette Bening,Thora Birch",United States,R,643ed500b9d8983fc9c01a8e
Spider-Man: Into the Spider-Verse,,2018,8.4,"Animation,Action,Adventure",117,"Teen Miles Morales becomes the Spider-Man of his universe, and must join with five spider-powered individuals from other dimensions to stop a threat for all realities.","Shameik Moore,Jake Johnson,Hailee Steinfeld","Canada,United States",PG,643ed500b9d8983fc9c01a8f
The Shining,,1980,8.4,"Drama,Horror",146,"A family heads to an isolated hotel for the winter where a sinister presence influences the father into violence, while his psychic son sees horrific forebodings from both past and future.","Jack Nicholson,Shelley Duvall,Danny Lloyd","United Kingdom,United States",R,643ed501b9d8983fc9c01a90
Paths of Glory,,1957,8.4,"Drama,War",88,"After refusing to attack an enemy position, a general accuses the soldiers of cowardice and their commanding officer must defend them.","Stanley Kubrick,Calder Willingham,Jim Thompson,Kirk Douglas,Ralph Meeker,Adolphe Menjou",United States,Approved,643ed501b9d8983fc9c01a91
Django Unchained,,2012,8.4,"Drama,Western",165,"With the help of a German bounty-hunter, a freed slave sets out to rescue his wife from a brutal plantation owner in Mississippi.","Jamie Foxx,Christoph Waltz,Leonardo DiCaprio",United States,R,643ed501b9d8983fc9c01a92
Memento,,2000,8.4,"Mystery,Thriller",113,A man with short-term memory loss attempts to track down his wife's murderer.,"Guy Pearce,Carrie-Anne Moss,Joe Pantoliano",United States,R,643ed501b9d8983fc9c01a93
Once Upon a Time in the West,Original title: C'era una volta il West,1968,8.5,Western,165,A mysterious stranger with a harmonica joins forces with a notorious desperado to protect a beautiful widow from a ruthless assassin working for the railroad.,"Sergio Donati,Sergio Leone,Dario Argento,Henry Fonda,Charles Bronson,Claudia Cardinale","Italy,United States",PG-13,643ed502b9d8983fc9c01a94
The Usual Suspects,,1995,8.5,"Crime,Drama,Mystery",106,"A sole survivor tells of the twisty events leading up to a horrific gun battle on a boat, which began when five criminals met at a seemingly random police lineup.","Kevin Spacey,Gabriel Byrne,Chazz Palminteri","United States,Germany",R,643ed502b9d8983fc9c01a95
Whiplash,,2014,8.5,"Drama,Music",106,A promising young drummer enrolls at a cut-throat music conservatory where his dreams of greatness are mentored by an instructor who will stop at nothing to realize a student's potential.,"Miles Teller,J.K. Simmons,Melissa Benoist",United States,R,643ed502b9d8983fc9c01a96
The Lion King,,1994,8.5,"Animation,Adventure,Drama",88,"Lion prince Simba and his father are targeted by his bitter uncle, who wants to ascend the throne himself.","Irene Mecchi,Jonathan Roberts,Linda Woolverton,Matthew Broderick,Jeremy Irons,James Earl Jones",United States,G,643ed502b9d8983fc9c01a97
Parasite,Original title: Gisaengchung,2019,8.5,"Drama,Thriller",132,Greed and class discrimination threaten the newly formed symbiotic relationship between the wealthy Park family and the destitute Kim clan.,"Song Kang-ho,Lee Sun-kyun,Cho Yeo-jeong",South Korea,R,643ed502b9d8983fc9c01a98
Back to the Future,,1985,8.5,"Adventure,Comedy,Sci-Fi",116,"Marty McFly, a 17-year-old high school student, is accidentally sent 30 years into the past in a time-traveling DeLorean invented by his close friend, the maverick scientist Doc Brown.","Michael J. Fox,Christopher Lloyd,Lea Thompson",United States,PG,643ed503b9d8983fc9c01a99
Star Wars: Episode IV - A New Hope,Original title: Star Wars,1977,8.6,"Action,Adventure,Fantasy",121,"Luke Skywalker joins forces with a Jedi Knight, a cocky pilot, a Wookiee and two droids to save the galaxy from the Empire's world-destroying battle station, while also attempting to rescue Princess Leia from the mysterious Darth Vader.","Mark Hamill,Harrison Ford,Carrie Fisher",United States,PG,643ed503b9d8983fc9c01a9a
City of God,Original title: Cidade de Deus,2002,8.6,"Crime,Drama",130,"In the slums of Rio, two kids' paths diverge as one struggles to become a photographer and the other a kingpin.","Alexandre Rodrigues,Leandro Firmino,Matheus Nachtergaele","Brazil,France,Germany",R,643ed503b9d8983fc9c01a9b
The Silence of the Lambs,,1991,8.6,"Crime,Drama,Thriller",118,"A young F.B.I. cadet must receive the help of an incarcerated and manipulative cannibal killer to help catch another serial killer, a madman who skins his victims.","Jodie Foster,Anthony Hopkins,Lawrence A. Bonney",United States,R,643ed503b9d8983fc9c01a9c
Goodfellas,Original title: GoodFellas,1990,8.7,"Biography,Crime,Drama",145,"The story of Henry Hill and his life in the mob, covering his relationship with his wife Karen Hill and his mob partners Jimmy Conway and Tommy DeVito in the Italian-American crime syndicate.","Robert De Niro,Ray Liotta,Joe Pesci",United States,R,643ed503b9d8983fc9c01a9d
The Matrix,,1999,8.7,"Action,Sci-Fi",136,"When a beautiful stranger leads computer hacker Neo to a forbidding underworld, he discovers the shocking truth--the life he knows is the elaborate deception of an evil cyber-intelligence.","Keanu Reeves,Laurence Fishburne,Carrie-Anne Moss","United States,Australia",R,643ed504b9d8983fc9c01a9e
Forrest Gump,,1994,8.8,"Drama,Romance",142,"The presidencies of Kennedy and Johnson, the Vietnam War, the Watergate scandal and other historical events unfold from the perspective of an Alabama man with an IQ of 75, whose only desire is to be reunited with his childhood sweetheart.","Tom Hanks,Robin Wright,Gary Sinise",United States,PG-13,643ed504b9d8983fc9c01a9f
Schindler's List,,1993,9.0,"Biography,Drama,History",195,"In German-occupied Poland during World War II, industrialist Oskar Schindler gradually becomes concerned for his Jewish workforce after witnessing their persecution by the Nazis.","Liam Neeson,Ralph Fiennes,Ben Kingsley",United States,R,643ed504b9d8983fc9c01aa0
12 Angry Men,,1957,9.0,"Crime,Drama",96,The jury in a New York City murder trial is frustrated by a single member whose skeptical caution forces them to more carefully consider the evidence before jumping to a hasty verdict.,"Henry Fonda,Lee J. Cobb,Martin Balsam",United States,Approved,643ed504b9d8983fc9c01aa1
