title,original_title,score,genre,year,description,cast,public,country,language,episode_duration,num_episodes,total_duration
Planet Earth II,,9.5,Documentary,2016,David Attenborough returns with a new wildlife documentary that shows life in a variety of habitats.,"David Attenborough,Gordon Buchanan,Chadden Hunter",TV-G,"United Kingdom,Germany,France,China,United States","English,French",4h 58m,6,298
Breaking Bad,,9.5,"Crime,Drama,Thriller",2008–2013,A chemistry teacher diagnosed with inoperable lung cancer turns to manufacturing and selling methamphetamine with a former student in order to secure his family's future.,"Vince Gilligan,Bryan Cranston,Aaron Paul,Anna Gunn",TV-MA,United States,"English,Spanish",49m,62,3038
Planet Earth,,9.4,Documentary,2006,"A documentary series on the wildlife found on Earth. Each episode covers a different habitat: deserts, mountains, deep oceans, shallow seas, forests, caves, polar regions, fresh water, plains and jungles. Narrated by David Attenborough.","Sigourney Weaver,David Attenborough,Nikolay Drozdov",TV-PG,United Kingdom,English,8h 58m,11,538
Band of Brothers,,9.4,"Drama,History,War",2001,"The story of Easy Company of the U.S. Army 101st Airborne Division and their mission in World War II Europe, from Operation Overlord to V-J Day.","Scott Grimes,Damian Lewis,Ron Livingston",TV-MA,"United Kingdom,United States","English,Dutch,French,German,Lithuanian",9h 54m,10,594
Regular Show,,8.5,"Animation,Action,Adventure",2009–2017,The daily surreal adventures of a blue jay and raccoon duo that attempt to deal with their mundane jobs as groundskeepers at the local park.,"J.G. Quintel,J.G. Quintel,William Salyers,Sam Marin",TV-PG,United States,English,23m,245,5635
Jujutsu Kaisen,,8.5,"Animation,Action,Adventure",2020– ,A boy swallows a cursed talisman - the finger of a demon - and becomes cursed himself. He enters a shaman's school to be able to locate the demon's other body parts and thus exorcise himself.,"Junya Enoki,Adam McArthur,Yûichi Nakamura",TV-MA,Japan,Japanese,24m,25,600
Community,,8.5,Comedy,2009–2015,A suspended lawyer is forced to enroll in a community college with an eccentric staff and student body.,"Dan Harmon,Joel McHale,Danny Pudi,Donald Glover",TV-14,United States,English,22m,110,2420
The Expanse,,8.5,"Drama,Mystery,Sci-Fi",2015–2022,"In the 24th century, a group of humans untangle a vast plot which threatens the Solar System's fragile state of detente.","Daniel Abraham,Mark Fergus,Ty Franck,Steven Strait,Dominique Tipper,Wes Chatham",TV-14,United States,English,1h,62,60
The Defiant Ones,,8.5,"Documentary,Biography,Crime",2017,"""The Defiant Ones"" examines the partnership between Jimmy Iovine and Dr. Dre - one the son of a Brooklyn longshoreman, the other straight out of Compton - and their leading roles in a chain of transformative events in contemporary culture.","Stevie Nicks,Bono,Tom Petty",TV-MA,United States,English,1h,4,60
It's Okay to Not Be Okay,Original title: Saikojiman Gwaenchanha,8.6,"Comedy,Drama,Romance",2020,An extraordinary road to emotional healing opens up for an selfish antisocial children's book writer and a selfless psych ward caretaker when they cross paths.,"Kim Soo-hyun,Seo Ye-Ji,Oh Jung-se",TV-MA,South Korea,Korean,1h 20m,16,80
Black Books,,8.5,Comedy,2000–2004,"Bernard Black runs a book shop, though his customer service skills leave something to be desired. He hires Manny as an employee. Fran runs the shop next door. Between the three of them many adventures ensue.","Dylan Moran,Dylan Moran,Bill Bailey,Tamsin Greig",TV-PG,United Kingdom,English,25m,18,450
Gintama,,8.7,"Animation,Action,Comedy",2005–2021,"In an era where aliens have invaded and taken over feudal Tokyo, an unemployed samurai finds work however he can.","Tomokazu Sugita,Daisuke Sakaguchi,Rie Kugimiya",TV-14,Japan,Japanese,25m,375,9375
Foyle's War,,8.6,"Crime,Drama,Mystery",2002–2015,"As WWII rages, DCS Foyle fights his own war on the home-front; investigating crime on the south coast of England. Later series, see the retired detective working as an MI5 agent in the aftermath of the war.","Anthony Horowitz,Michael Kitchen,Honeysuckle Weeks,Anthony Howell",TV-14,United Kingdom,English,1h 30m,28,90
The Knick,,8.5,"Drama,History",2014–2015,A look at the professional and personal lives of the staff at New York's Knickerbocker Hospital during the early part of the twentieth century.,"Jack Amiel,Michael Begler,André Holland,Clive Owen,Jeremy Bobb",TV-MA,United States,"English,Latvian,Mandarin,Cantonese,Hebrew,Greek,Italian,Polish,Spanish",58m,21,1218
Big Little Lies,,8.5,"Crime,Drama,Mystery",2017–2019,The apparently-perfect lives of upper-class mothers of students at a prestigious elementary school unravel to the point of murder when a single mother moves to their quaint California beach town.,"David E. Kelley,Reese Witherspoon,Nicole Kidman,Shailene Woodley",TV-MA,United States,English,1h,14,60
Southland,,8.5,"Crime,Drama,Thriller",2009–2013,The lives of Police Officers working for the Los Angeles Police Department.,"Ann Biderman,Michael Cudlitz,Shawn Hatosy,Regina King",TV-MA,United States,"English,Spanish",42m,43,1806
Avrupa Yakasi,,8.6,Comedy,2004–2009,The life and times of the rather traditional Sutcuoglu family and their comedic struggles to adapt the high-profile contemporary life of Nisantasi.,"Gülse Birsel,Levent Üzümcü,Senay Gürler",,Turkey,Turkish,,190,
Your Lie in April,Original title: Shigatsu wa kimi no uso,8.6,"Animation,Comedy,Drama",2014–2018,A piano prodigy who lost his ability to play after suffering a traumatic event in his childhood is forced back into the spotlight by an eccentric girl with a secret of her own.,"Natsuki Hanae,Risa Taneda,Ayane Sakura",TV-PG,Japan,Japanese,23m,24,552
Alfred Hitchcock Presents,,8.5,"Comedy,Crime,Drama",1955–1962,"Series of unrelated short stories covering elements of crime, horror, drama, and comedy about people of different backgrounds committing murders, suicides, thefts, and other sorts of crime caused by certain motivations, perceived or not.","Alfred Hitchcock,Harry Tyler,John Williams",TV-14,United States,English,25m,268,6700
The Night Of,,8.5,"Crime,Drama,Mystery",2016,"After a night of partying with a woman he picked up, a man wakes up to find her stabbed to death and is charged with her murder.","Richard Price,Steven Zaillian,Riz Ahmed,John Turturro,Bill Camp",TV-MA,United States,English,8h 45m,8,525
The Angry Video Game Nerd,,8.5,Comedy,2004– ,A foul-mouthed nerd reviews bad video games.,"James Rolfe,James Rolfe,Mike Matei,Kyle Rogers",TV-MA,United States,"English,Spanish",35m,248,8680
Derry Girls,,8.5,Comedy,2018–2022,The personal exploits of a 16-year-old girl and her family and friends during the Troubles in the early 1990s in Northern Ireland.,"Lisa McGee,Saoirse-Monica Jackson,Louisa Harland,Tara Lynne O'Neill",TV-MA,United Kingdom,English,30m,19,570
Generation Kill,,8.5,"Drama,War",2008,"A Rolling Stone reporter, embedded with The 1st Recon Marines chronicles his experiences during the first wave of the American-led assault on Baghdad in 2003.","Alexander Skarsgård,James Ransone,Lee Tergesen",TV-MA,"United States,United Kingdom",English,1h 10m,7,70
Wentworth,,8.6,"Crime,Drama,Thriller",2013–2021,The confronting look into the lives of the inmates and prison staff of Wentworth Correctional Centre as they navigate the ups and downs of their lives in the prison system.,"Reg Watson,Lara Radulovich,Kate Atkinson,Katrina Milosevic,Robbie Magasiva",TV-MA,Australia,English,45m,100,4500
My Brilliant Friend,Original title: L'amica geniale,8.6,Drama,2018– ,A woman recounts the lifelong friendship and conflicts with a girl she met at primary school in Naples during the early 1950s.,"Saverio Costanzo,Alba Rohrwacher,Margherita Mazzucco,Gaia Girace",TV-MA,"Italy,United States","Italian,Neapolitan",1h,25,60
Chef's Table,,8.5,Documentary,2015–2019,"Chef's Table goes inside the lives and kitchens of six of the world's most renowned international chefs. Each episode focuses on a single chef and their unique look at their lives, talents and passion from their piece of culinary heaven.","Bill Buford,Massimo Bottura,Francis Mallmann",TV-MA,United States,English,50m,30,1500
Cobra Kai,,8.5,"Action,Comedy,Drama",2018–2023,"Decades after their 1984 All Valley Karate Tournament bout, a middle-aged Daniel LaRusso and Johnny Lawrence find themselves martial-arts rivals again.","Josh Heald,Jon Hurwitz,Hayden Schlossberg,Ralph Macchio,William Zabka,Courtney Henggeler",TV-14,United States,"English,Spanish",30m,51,1530
Umbre,,8.7,"Crime,Drama,Thriller",2014–2019,"Umbre follows Relu, an enforcer for a small-time mob boss, as he struggles to keep his family in the dark about his job. The secrets Relu keeps become increasingly oppressive and the lies begin to surface.","Serban Pavlu,Maria Obretin,Andreea Vasile",TV-MA,Romania,"Romanian,Spanish,English,Ukrainian",45m,21,945
Hannibal,,8.5,"Crime,Drama,Horror",2013–2015,Explores the early relationship between renowned psychiatrist Hannibal Lecter and a young FBI criminal profiler who is haunted by his ability to empathize with serial killers.,"Bryan Fuller,Hugh Dancy,Mads Mikkelsen,Caroline Dhavernas",TV-MA,United States,English,44m,39,1716
Schitt's Creek,,8.5,Comedy,2015–2020,"After being a victim of fraud, Johnny Rose and his family go from extremely wealthy to penniless overnight. The only asset left to them is a small, unsophisticated town: Schitt's Creek. They relocate there. Culture shock ensues.","Dan Levy,Eugene Levy,Eugene Levy,Catherine O'Hara,Dan Levy",TV-14,"Canada,United States",English,22m,80,1760
Happy Valley,,8.5,"Crime,Drama,Thriller",2014–2023,Yorkshire-based crime drama centering on the personal and professional life of Police Sergeant Catherine Cawood.,"Sally Wainwright,Sarah Lancashire,Siobhan Finneran,James Norton",TV-MA,United Kingdom,English,58m,18,1044
Rocket Boys,,8.9,"Drama,History",2022– ,"The story of two extraordinary men, Dr. Homi Jehangir Bhabha and Dr. Vikram Ambalal Sarabhai, who created history while building India's future.","Nikkhil Advani,Jim Sarbh,Saba Azad,Regina Cassandra",,India,Hindi,,16,
Rurouni Kenshin: Trust and Betrayal,Original title: Rurouni Kenshin: Meiji Kenkaku Romantan: Tsuioku Hen,8.6,"Animation,Action,Adventure",1999,"In the era of Japan's Meiji Restoration, an assassin regains his humanity.","Mayo Suzukaze,Junko Iwao,Nozomu Sasaki",TV-MA,Japan,Japanese,1h 58m,4,118
From the Earth to the Moon,,8.6,"Action,Drama,History",1998,Dramatized portrayal of the Apollo manned space program.,"Tom Hanks,Nick Searcy,Lane Smith",TV-14,United States,English,1h,12,60
Futurama,,8.5,"Animation,Adventure,Comedy",1999–2023,"Philip J. Fry, a pizza delivery boy, is accidentally frozen in 1999 and thawed out on New Year's Eve 2999.","David X. Cohen,Matt Groening,Billy West,John DiMaggio,Katey Sagal",TV-14,United States,English,22m,150,3300
Spartacus: Gods of the Arena,,8.5,"Action,Adventure,Biography",2011,"In the time before the arrival of Spartacus, the House of Batiatus faces many challenges from competitors, and within its own household.","Steven S. DeKnight,John Hannah,Manu Bennett,Peter Mensah",TV-MA,United States,"English,Assyrian Neo-Aramaic",5h 31m,6,331
Silicon Valley,,8.5,Comedy,2014–2019,"Follows the struggle of Richard Hendricks, a Silicon Valley engineer trying to build his own company called Pied Piper.","John Altschuler,Mike Judge,Dave Krinsky,Thomas Middleditch,T.J. Miller,Josh Brener",TV-MA,United States,English,28m,53,1484
Fullmetal Alchemist,Original title: Hagane no renkinjutsushi,8.5,"Animation,Action,Adventure",2003–2004,"When a failed alchemical ritual leaves brothers Edward and Alphonse Elric with severely damaged bodies, they begin searching for the one thing that can save them: the fabled philosopher's stone.","Vic Mignogna,Aaron Dismuke,Romi Park",TV-PG,"Japan,Poland",Japanese,24m,51,1224
Mr Inbetween,,8.6,"Crime,Drama",2018–2021,"Ray Shoesmith is a father, ex-husband, boyfriend, brother and best friend, tough roles to juggle in the modern age. Especially when you're also a criminal for hire.","Scott Ryan,Scott Ryan,Chika Yasumura,Justin Rosniak",TV-MA,Australia,English,30m,26,780
Doctor Who,,8.6,"Adventure,Drama,Sci-Fi",2005– ,The further adventures in time and space of the alien adventurer known as the Doctor and their companions from planet Earth.,"Sydney Newman,Jodie Whittaker,Peter Capaldi,Pearl Mackie",TV-PG,"United Kingdom,United States",English,45m,203,9135
Twin Peaks,,8.5,"Crime,Drama,Horror",2017,Picks up 25 years after the inhabitants of a quaint northwestern town are stunned when their homecoming queen is murdered.,"Mark Frost,David Lynch,Kyle MacLachlan,Sheryl Lee,Michael Horse",TV-MA,United States,"English,French",1h,18,60
Skam,,8.6,"Drama,Romance",2015–2017,"The story of young teenagers and pupils on Hartvig Nissens upper secondary school in Oslo, and their troubles, scandals and everyday life. Each season is told from a different person's point of view.","Julie Andem,Josefine Frida Pettersen,Iman Meskini,Ulrikke Falch",Not Rated,Norway,Norwegian,30m,43,1290
Westworld,,8.5,"Drama,Mystery,Sci-Fi",2016–2022,"At the intersection of the near future and the reimagined past, waits a world in which every human appetite can be indulged without consequence.","Lisa Joy,Jonathan Nolan,Evan Rachel Wood,Jeffrey Wright,Ed Harris",TV-MA,United States,English,1h 2m,36,62
North & South,,8.6,"Drama,Romance",2004,"North and South is a four part adaptation of Elizabeth Gaskell's love story of Margaret Hale, a middle class southerner who is forced to move to the northern town of Milton.","Daniela Denby-Ashe,Richard Armitage,Tim Pigott-Smith",TV-PG,United Kingdom,English,3h 55m,4,235
Trailer Park Boys,,8.6,"Comedy,Crime",2001–2018,Three petty felons have a documentary made about their life in a trailer park.,"Mike Clattenburg,John Paul Tremblay,Robb Wells,Mike Smith",TV-MA,Canada,English,30m,106,3180
Brass Eye,,8.6,Comedy,1997–2001,"Controversal spoof of current affairs television, and the role of celebrity in the UK.","Christopher Morris,Mark Heap,Kevin Eldon",TV-MA,United Kingdom,English,25m,7,175
Neon Genesis Evangelion,Original title: Shin seiki evangerion,8.5,"Animation,Action,Drama",1995–1996,A teenage boy finds himself recruited as a member of an elite team of pilots by his father.,"Hideaki Anno,Megumi Ogata,Megumi Hayashibara,Kotono Mitsuishi",TV-MA,Japan,"Japanese,German",24m,26,624
Extraordinary Attorney Woo,Original title: I-sang-han byeon-ho-sa U-yeong-u,8.7,Drama,2022,"Due to her 164 I.Q., impressive memory and creative thought process, autistic 27-year-old lawyer Woo Young Woo graduated at the top of her class from a prestigious law school.","Park Eun-bin,Kang Tae-oh,Kang Ki-young",TV-14,South Korea,Korean,1h 15m,16,75
Sons of Anarchy,,8.6,"Crime,Drama,Thriller",2008–2014,A biker struggles to balance being a father and being involved in an outlaw motorcycle club.,"Kurt Sutter,Charlie Hunnam,Katey Sagal,Mark Boone Junior",TV-MA,United States,English,45m,92,4140
Detectorists,,8.6,Comedy,2014–2022,"The lives of two eccentric metal detectorists, who spend their days plodding along ploughed tracks and open fields, hoping to disturb the tedium by unearthing the fortune of a lifetime.","Mackenzie Crook,Mackenzie Crook,Toby Jones,Rachael Stirling",TV-14,United Kingdom,English,30m,20,600
Endeavour,,8.6,"Crime,Drama,Mystery",2012–2023,"Set from 1965 into the 1970s, the show follows Endeavour Morse in his early years as a police constable. Working alongside his senior partner DI Fred Thursday, Morse engages in a number of investigations around Oxford.","Shaun Evans,Roger Allam,James Bradshaw",TV-14,United Kingdom,English,1h 29m,36,89
Shameless,,8.6,"Comedy,Drama",2011–2021,"A scrappy, feisty, fiercely loyal Chicago family makes no apologies.","Paul Abbott,John Wells,Emmy Rossum,William H. Macy,Ethan Cutkosky",TV-MA,United States,English,46m,134,6164
Spartacus,Original title: Spartacus: Blood and Sand,8.5,"Action,Adventure,Biography",2010–2013,"The life of Spartacus, the gladiator who lead a rebellion against the Romans. From his time as an ally of the Romans, to his betrayal and becoming a gladiator, to the rebellion he leads and its ultimate outcome.","Steven S. DeKnight,Andy Whitfield,Lucy Lawless,Manu Bennett",TV-MA,United States,"English,German",55m,34,1870
Mob Psycho 100,,8.6,"Animation,Action,Comedy",2016–2022,"A psychic middle school boy tries to live a normal life and keep his growing powers under control, even though he constantly gets into trouble.","Setsuo Ito,Takahiro Sakurai,Chris Niosi",TV-14,Japan,Japanese,24m,37,888
Ezel,,8.7,"Crime,Drama,Thriller",2009–2011,"Betrayed by his trusted friends and the woman he loved, Ömer Uçar returns as Ezel to exact his vengeance.","Kenan Imirzalioglu,Cansu Dere,Yigit Özsener",TV-14,Turkey,Turkish,1h 30m,71,90
Samurai Jack,,8.5,"Animation,Action,Adventure",2001–2017,"A samurai, sent through time, fights to return home and save the world.","Genndy Tartakovsky,Phil LaMarr,Mako,Kevin Michael Richardson",TV-MA,United States,English,25m,62,1550
Letterkenny,,8.7,Comedy,2016– ,"Quick-witted, fast-paced snappy comedy about rural folk getting by in a small town.","Jared Keeso,Jacob Tierney,Jared Keeso,Nathan Dales,Michelle Mylett",TV-MA,Canada,English,30m,75,2250
Through the Wormhole,,8.6,Documentary,2010–2017,"Hosted by Morgan Freeman, Through the Wormhole will explore the deepest mysteries of existence - the questions that have puzzled mankind for eternity. What are we made of? What was there before the beginning? Are we really alone? Is there a creator? These questions have been pondered by the most exquisite minds of the human race. Now, science has evolved to the point ..., ","Morgan Freeman,Sean Carroll,Michio Kaku",TV-PG,United States,English,1h,62,60
Whose Line Is It Anyway?,,8.5,"Comedy,Game-Show",1998–2007,Improvisational comedy competition show in which four members of the regular cast as comedians and often with guest appearances with other comedians and celebrities and members of the audience perform various comic games and sketches.,"Mark Leveson,Dan Patterson,Drew Carey,Colin Mochrie,Ryan Stiles",TV-PG,"United States,United Kingdom",English,30m,220,6600
The Office,,8.5,"Comedy,Drama",2001–2003,The story of an office that faces closure when the company decides to downsize its branches. A documentary film crew follow staff and the manager David Brent as they continue their daily lives.,"Ricky Gervais,Stephen Merchant,Ricky Gervais,Martin Freeman,Mackenzie Crook",TV-MA,United Kingdom,English,30m,14,420
The Rehearsal,,8.6,"Documentary,Comedy",2022– ,Nathan Fielder gives people a chance to rehearse for their own lives in a world where nothing ever works out as expected.,"Nathan Fielder,Nathan Fielder,Journey Baker,Anna Lamadrid",TV-MA,United States,English,30m,7,210
Louie,,8.5,"Comedy,Drama",2010–2015,"The life of Louie C.K., a divorced comedian living in New York with two kids.","Louis C.K.,Louis C.K.,Hadley Delany,Ursula Parker",TV-MA,United States,English,22m,61,1342
I'm Alan Partridge,,8.6,Comedy,1997–2002,"A failed television presenter, now presenting a programme on local desperately tries to revive his broadcasting career.","Steve Coogan,Simon Greenall,Felicity Montagu",TV-MA,United Kingdom,"English,German,French",29m,12,348
The Family Man,,8.7,"Action,Comedy,Drama",2019– ,"A working man from the National Investigation Agency tries to protect the nation from terrorism, but he also needs to keep his family safe from his secret job.","Krishna D.K.,Raj Nidimoru,Manoj Bajpayee,Samantha Ruth Prabhu,Priyamani",TV-14,India,Hindi,45m,20,900
Mr. Robot,,8.5,"Crime,Drama,Thriller",2015–2019,"Elliot, a brilliant but highly unstable young cyber-security engineer and vigilante hacker, becomes a key figure in a complex game of global dominance when he and his shadowy allies try to take down the corrupt corporation he works for.","Sam Esmail,Rami Malek,Christian Slater,Carly Chaikin",TV-MA,United States,"English,Swedish,Danish,Chinese,Persian,Spanish,Samoan,Arabic,German",49m,45,2205
The IT Crowd,,8.5,Comedy,2006–2013,"The comedic misadventures of Roy, Moss and their grifting supervisor Jen, a rag-tag team of IT support workers at a large corporation headed by a hotheaded yuppie.","Chris O'Dowd,Richard Ayoade,Katherine Parkinson",TV-14,United Kingdom,English,25m,25,625
Samurai Champloo,Original title: Samurai chanpurû,8.6,"Animation,Action,Adventure",2004–2005,"Fuu, a waitress who works in a teahouse, rescues two master swordsmen, Mugen and Jin, from their execution to help her find the ""samurai who smells of sunflowers.""","Kazuya Nakai,Ginpei Sato,Ayako Kawasumi",TV-MA,Japan,Japanese,24m,26,624
"Yes, Prime Minister",,8.6,Comedy,1986–1987,James Hacker was propelled along the corridors of power to the very pinnacle of politics - Number 10.,"Paul Eddington,Nigel Hawthorne,Derek Fowlds",TV-PG,United Kingdom,English,30m,16,480
Long Way Round,,8.6,"Documentary,Adventure",2004–2010,"This documentary series follows actors Ewan McGregor and Charley Boorman on a motorcycle trip around the world. The two friends will travel through such places as Siberia, Kazakhstan, Mongolia, and Alaska, before finally ending the journey in New York. The filming will be done by on board cameras and one ride along cameraman.","David Alexanian,Charley Boorman,Russ Malkin,Ewan McGregor,Charley Boorman,David Alexanian",TV-PG,United Kingdom,English,5h 15m,10,315
What We Do in the Shadows,,8.6,"Comedy,Fantasy,Horror",2019– ,A look into the nightly lives of four vampires who have lived together on Staten Island for over a century.,"Jemaine Clement,Kayvan Novak,Matt Berry,Natasia Demetriou",TV-MA,United States,English,30m,42,1260
Formula 1: Drive to Survive,,8.6,"Documentary,Sport",2019– ,Docuseries following the FIA Formula One World Championship across multiple seasons.,"Will Buxton,Jack Nicholls,Daniel Ricciardo",TV-MA,United Kingdom,"Arabic,English",40m,51,2040
Black Sun,Original title: Senke nad Balkanom,8.9,"Crime,Drama,Thriller",2017– ,"A historical fiction drama and thriller set in the turbulent period of the late 1920s in the Balkans as a place where high politics, local interests, capital and crime all merge together.","Dragan Bjelogrlic,Andrija Kuzmanovic,Marija Bergam,Dragan Bjelogrlic",TV-MA,Serbia,"Serbian,Russian,Macedonian,German,Slovenian",1h,20,60
Spaced,,8.6,"Action,Comedy",1999–2001,"Friends Tim and Daisy, 20-something North Londoners with uncertain futures, must pretend to be a couple to live in the only apartment they can afford.","Simon Pegg,Jessica Hynes,Julia Deakin",TV-14,United Kingdom,English,25m,14,350
Impractical Jokers,,8.6,"Comedy,Reality-TV",2011– ,"Q, Sal, Joe and Murr are real-life best friends who love challenging each other to the most outrageous dares and stunts ever caught on hidden camera.","James Murray,Brian Quinn,Sal Vulcano",TV-14,United States,English,30m,277,8310
The Bureau,Original title: Le Bureau des Légendes,8.7,"Drama,Thriller",2015– ,,"Eric Rochant,Mathieu Kassovitz,Florence Loiret Caille,Jonathan Zaccaï",TV-MA,France,"French,Arabic,English,Persian,Russian,Italian",52m,50,2600
Coupling,,8.6,"Comedy,Romance",2000–2004,Six best friends talk about all aspects of sex and relationships on their never-ending quest to find true love.,"Jack Davenport,Gina Bellman,Sarah Alexander",TV-14,United Kingdom,English,30m,28,840
The Venture Bros.,,8.6,"Animation,Action,Adventure",2003–2018,"The bizarre escapades of pseudo-heroic scientist Dr. Rusty Venture, his competent, high-strung bodyguard, and his two overenthusiastic sons.","Christopher McCulloch,Christopher McCulloch,James Urbaniak,Doc Hammer",TV-14,United States,English,22m,86,1892
Battlestar Galactica,,8.5,"Action,Adventure,Drama",2003,"Following the destruction of the Twelve Colonies of Kobol by the Cylons, a rag-tag fugitive fleet of the last remnants of mankind flees the pursuing Cylons while simultaneously searching for their true home: Earth.","Edward James Olmos,Mary McDonnell,Katee Sackhoff",TV-14,United States,English,3h 3m,2,183
Dragon Ball,,8.6,"Animation,Action,Adventure",1995–2003,"Dragon Ball tells the tale of a young warrior by the name of Son Goku, a young peculiar boy with a tail who embarks on a quest to become stronger and learns of the Dragon Balls, when, once all 7 are gathered, grant any wish of choice.","Brice Armstrong,Steve Olson,Stephanie Nadolny",TV-14,Japan,Japanese,24m,153,3672
El Chavo del Ocho,,8.7,"Comedy,Family",1972–1983,"The misadventures of a poor, homeless, fumbling boy and his friends in their humble neighborhood.","Roberto Gómez Bolaños,Ramón Valdés,Carlos Villagrán,Roberto Gómez Bolaños",TV-PG,Mexico,,30m,357,10710
Dragon Ball,Original title: Dragon Ball: Doragon bôru,8.6,"Animation,Action,Adventure",1986–1989,"Son Gokû, a fighter with a monkey tail, goes on a quest with an assortment of odd characters in search of the Dragon Balls, a set of crystals that can give its bearer anything they desire.","Masako Nozawa,Jôji Yanami,Brice Armstrong",TV-14,Japan,Japanese,25m,153,3825
Flight of the Conchords,,8.6,"Comedy,Music,Musical",2007–2009,"Bret and Jemaine are Flight of the Conchords, a folk-rock band from New Zealand living in New York City in search of stardom.","James Bobin,Jemaine Clement,Bret McKenzie,Jemaine Clement,Bret McKenzie,Rhys Darby",TV-MA,"United States,New Zealand",English,28m,22,616
Homicide: Life on the Street,,8.7,"Crime,Drama,Mystery",1993–1999,Life on the Street is an American police procedural television series chronicling the work of a fictional version of the Baltimore Police Department's Homicide Unit.,"Paul Attanasio,Richard Belzer,Clark Johnson,Yaphet Kotto",TV-14,United States,English,1h,122,60
Justice League,,8.6,"Animation,Action,Adventure",2001–2004,Seven of the most formidable heroes form arguably the most powerful team ever.,"Bob Kane,William Moulton Marston,Joe Shuster,Carl Lumbly,Phil LaMarr,Michael Rosenbaum",TV-PG,United States,English,22m,52,1144
The Queen's Gambit,,8.6,Drama,2020,"Orphaned at the tender age of nine, prodigious introvert Beth Harmon discovers and masters the game of chess in 1960s USA. But child stardom comes at a price.","Scott Frank,Allan Scott,Anya Taylor-Joy,Chloe Pirrie,Bill Camp",TV-MA,United States,"English,French,Spanish,Russian",1h,7,60
The Eric Andre Show,,8.6,"Comedy,Talk-Show",2012– ,"Eric Andre tries to host a talk show in a bizarre environment, where he is sometimes the player of pranks and sometimes the victim.","Eric André,Eric André,Hannibal Buress,Tom Ato",TV-MA,United States,English,11m,60,660
The Haunting of Hill House,,8.6,"Drama,Horror,Mystery",2018,"Flashing between past and present, a fractured family confronts haunting memories of their old home and the terrifying events that drove them from it.","Mike Flanagan,Michiel Huisman,Carla Gugino,Henry Thomas",TV-MA,United States,English,9h 32m,10,572
The Bugs Bunny Show,,8.6,"Animation,Comedy",1960–1975,TV series featuring the classic Looney Tunes animated shorts.,"Mel Blanc,June Foray,Daws Butler",TV-G,United States,English,30m,78,2340
Crash Landing on You,Original title: Sa-rang-eui bul-shi-chak,8.7,"Adventure,Comedy,Romance",2019–2020,The absolute top secret love story of a chaebol heiress who made an emergency landing in North Korea because of a paragliding accident and a North Korean special officer who falls in love with her and who is hiding and protecting her.,"Hyun Bin,Son Ye-jin,Seo Ji-hye",TV-14,South Korea,Korean,1h 10m,19,70
The Newsroom,,8.6,Drama,2012–2014,"A newsroom undergoes some changes in its workings and morals as a new team is brought in, bringing unexpected results for its existing news anchor.","Aaron Sorkin,Jeff Daniels,Emily Mortimer,John Gallagher Jr.",TV-MA,United States,English,55m,25,1375
Making a Murderer,,8.6,"Documentary,Crime",2015–2018,"Filmed over a 10-year period, Steven Avery, a DNA exoneree who, while in the midst of exposing corruption in local law enforcement, finds himself the prime suspect in a grisly new crime.","Steven Avery,Dolores Avery,Laura Nirider",TV-14,United States,English,1h,20,60
Boardwalk Empire,,8.6,"Crime,Drama",2010–2014,An Atlantic City politician plays both sides of the law by conspiring with gangsters during the Prohibition era.,"Terence Winter,Steve Buscemi,Kelly Macdonald,Michael Shannon",TV-MA,United States,English,55m,56,3080
Justified,,8.6,"Action,Crime,Drama",2010–2015,"U.S. Marshal Raylan Givens is reassigned from Miami to his childhood home in the poor, rural coal mining towns of eastern Kentucky.","Graham Yost,Timothy Olyphant,Nick Searcy,Joelle Carter",TV-MA,United States,English,44m,78,3432
Pose,,8.6,Drama,2018–2021,"In the New York of the late '80s and early '90s, this is a story of ball culture and the gay and trans community, the raging AIDS crisis, and capitalism.","Steven Canals,Brad Falchuk,Ryan Murphy,Michaela Jaé (MJ) Rodriguez,Dominique Jackson,Indya Moore",TV-MA,United States,English,1h,26,60
Yes Minister,,8.7,Comedy,1980–1984,"The Right Honorable James Hacker has landed the plum job of Cabinet Minister to the Department of Administration. At last he is in a position of power and can carry out some long-needed reforms, or so he thinks.","Paul Eddington,Nigel Hawthorne,Derek Fowlds",TV-PG,United Kingdom,English,30m,22,660
QI,,8.6,"Comedy,Game-Show",2003– ,"A comedy panel game in which being Quite Interesting is more important than being right. Sandi Toksvig is joined each week by four comedians to share anecdotes and trivia, and maybe answer some questions as well.","Alan Davies,Stephen Fry,Sandi Toksvig",TV-PG,United Kingdom,English,30m,324,9720
Poirot,,8.6,"Crime,Drama,Mystery",1989–2013,"The cases of eccentric, but sharp, Belgian detective Hercule Poirot.","David Suchet,Hugh Fraser,Philip Jackson",TV-14,United Kingdom,"English,French",1h 40m,70,100
Dopesick,,8.6,Drama,2021,"The series takes viewers to the epicenter of America's struggle with opioid addiction, from the boardrooms of Purdue Pharma, to a distressed Virginia mining community, to the hallways of the DEA.","Danny Strong,Michael Keaton,Peter Sarsgaard,Michael Stuhlbarg",TV-MA,United States,English,8h 12m,8,492
Anne with an E,Original title: Anne,8.7,"Drama,Family",2017–2019,"The adventures of a young orphan girl living in the early 19th century. Follow Anne as she learns to navigate her new life on Prince Edward Island, in this new take on L.M. Montgomery's classic novels.","Moira Walley-Beckett,Amybeth McNulty,Geraldine James,R.H. Thomson",TV-PG,Canada,"Micmac,French,English",1h,27,60
Mr. Bean,,8.6,"Comedy,Family",1990–1995,"Bumbling, childlike Mr. Bean has trouble completing the simplest of day-to-day tasks, but his perseverance and resourcefulness frequently allow him to find ingenious ways around problems.","Rowan Atkinson,Richard Curtis,Rowan Atkinson,Matilda Ziegler,Robin Driscoll",TV-G,United Kingdom,English,25m,15,375
Heartstopper,,8.7,"Drama,Romance",2022– ,Teens Charlie and Nick discover their unlikely friendship might be something more as they navigate school and young love in this coming-of-age series.,"Alice Oseman,Joe Locke,Kit Connor,Yasmin Finney",TV-14,United Kingdom,English,30m,24,720
Haikyu!!,Original title: Haikyuu!!,8.7,"Animation,Comedy,Drama",2014–2020,"Determined to be like the volleyball championship's star player nicknamed ""the small giant"", Shoyo joins his school's volleyball club.","Haruichi Furudate,Ayumu Murase,Kaito Ishikawa,Yu Hayashi",TV-14,Japan,Japanese,24m,89,2136
The Offer,,8.7,"Biography,Drama",2022,Oscar-winning producer Albert S. Ruddy's never-before-revealed experiences of making The Godfather (1972).,"Leslie Greif,Michael Tolkin,Miles Teller,Matthew Goode,Dan Fogler",TV-MA,United States,English,9h 46m,10,586
Young Justice,,8.6,"Animation,Action,Adventure",2010–2022,Teenage superheroes strive to prove themselves as members of the Justice League.,"Greg Weisman,Brandon Vietti,Geoff Johns,Nolan North,Danica McKellar,Jesse McCartney",TV-PG,United States,English,23m,98,2254
Blackadder the Third,,8.6,Comedy,1987,"In the Regency era, Mr E. Blackadder serves as butler to the foppish numskull Prince George amidst the fads and crazes of the time.","Rowan Atkinson,Tony Robinson,Hugh Laurie",TV-PG,United Kingdom,English,3h,6,180
Yellowstone,,8.7,"Drama,Western",2018–2023,A ranching family in Montana faces off against others encroaching on their land.,"John Linson,Taylor Sheridan,Kevin Costner,Luke Grimes,Kelly Reilly",TV-MA,United States,English,1h,53,60
Gomorrah,Original title: Gomorra: La serie,8.7,"Crime,Drama,Thriller",2014–2021,Ciro disregards tradition in his attempt to become the next boss of his crime syndicate. The internal power struggle puts him and his entire family's life at risk.,"Leonardo Fasoli,Stefano Bises,Roberto Saviano,Salvatore Esposito,Marco D'Amore,Ivana Lotito",TV-MA,"Italy,Germany","Italian,Neapolitan",55m,58,3190
The Return of Sherlock Holmes,,8.7,"Crime,Drama,Mystery",1986–1988,"Sherlock Holmes and Dr Watson solve the mysteries of the devil's foot, Silver Blaze, Wisteria Lodge and the Bruce-Partington Plans.","John Hawkesworth,Jeremy Brett,Edward Hardwicke,Rosalie Williams",TV-PG,United Kingdom,English,1h,11,60
Mystery Science Theater 3000,,8.7,"Comedy,Sci-Fi",1988–1999,"In the not-too-distant future Joel Robinson is held captive by Dr. Forrester and TV's Frank, forced to watch B-Grade movies on the Satellite of Love with the help of his robot friends: Cambot, Gypsy, Tom Servo and Crow T. Robot.","Joel Hodgson,Joel Hodgson,Michael J. Nelson,Trace Beaulieu",TV-14,United States,English,1h 32m,199,92
Mindhunter,,8.6,"Crime,Drama,Mystery",2017–2019,"Set in the late 1970s, two FBI agents are tasked with interviewing serial killers to solve open cases.","Joe Penhall,Jonathan Groff,Holt McCallany,Anna Torv",TV-MA,United States,English,1h,19,60
Yeh Meri Family,,9.0,"Comedy,Drama,Family",2018,Set in the summer of 1998 it is a story about conflicting emotions towards family members from the eyes of a twelve year old.,"Sameer Saxena,Vishesh Bansal,Mona Singh,Akarsh Khurana",TV-14,India,Hindi,30m,7,210
Archer,,8.6,"Animation,Action,Comedy",2009– ,Covert black ops and espionage take a back seat to zany personalities and relationships between secret agents and drones.,"Adam Reed,H. Jon Benjamin,Judy Greer,Amber Nash",TV-MA,United States,English,22m,135,2970
Adventure Time,,8.6,"Animation,Action,Adventure",2010–2018,"A twelve-year-old boy and his best friend, a wise twenty-eight-year-old dog with magical powers, go on a series of surreal adventures in a remote future.","Pendleton Ward,John DiMaggio,Jeremy Shada,Tom Kenny",TV-PG,United States,"English,Korean",11m,289,3179
Demon Slayer: Kimetsu no Yaiba,Original title: Kimetsu no Yaiba,8.7,"Animation,Action,Adventure",2019– ,"A family is attacked by demons and only two members survive - Tanjiro and his sister Nezuko, who is turning into a demon slowly. Tanjiro sets out to become a demon slayer to avenge his family and cure his sister.","Natsuki Hanae,Zach Aguilar,Yoshitsugu Matsuoka",TV-MA,Japan,Japanese,24m,47,1128
Lonesome Dove,,8.7,"Adventure,Drama,Western",1989,Two former Texas Rangers renew their spirit of adventure as they and several other residents of a small Texas town join a cattle drive to the Montana Territory.,"Robert Duvall,Tommy Lee Jones,Danny Glover",TV-14,United States,English,6h 24m,4,384
Ramayan,,9.0,"Adventure,Drama,Family",1987–1988,"An adaptation of the ancient epic, in which the exiled Prince Rama and his brother Laxman set out to save Rama's wife, Sita, who has been kidnapped by the demon king of Lanka Ravana.","Ramanand Sagar,Arun Govil,Deepika Chikhalia,Sunil Lahri",TV-14,India,Hindi,30m,78,2340
It's a Sin,,8.7,"Comedy,Drama,History",2021,"A chronicle of four friends during a decade in which everything changed, including the rise of AIDS.","Russell T. Davies,Olly Alexander,Nathaniel Curtis,Shaun Dooley",TV-MA,United Kingdom,English,3h 59m,5,239
Monster,,8.7,"Animation,Crime,Drama",2004–2005,A brilliant neurosurgeon finds his life in utter turmoil after getting involved with a psychopathic former patient.,"Hidenobu Kiuchi,Liam O'Brien,Mamiko Noto",TV-14,Japan,Japanese,24m,75,1800
Daredevil,,8.6,"Action,Crime,Drama",2015–2018,"A blind lawyer by day, vigilante by night. Matt Murdock fights the crime of New York as Daredevil.","Drew Goddard,Charlie Cox,Vincent D'Onofrio,Deborah Ann Woll",TV-MA,United States,"English,Spanish,Mandarin,Japanese,Russian",54m,39,2106
The Bridge,Original title: Bron/Broen,8.6,"Crime,Mystery,Thriller",2011–2018,"When a body is found on the bridge between Denmark and Sweden, right on the border, Danish inspector Martin Rohde and Swedish Saga Norén have to share jurisdiction and work together to find the killer.","Måns Mårlind,Hans Rosenfeldt,Björn Stein,Sofia Helin,Rafael Pettersson,Sarah Boberg",TV-MA,"Sweden,Denmark,Germany,Norway","Swedish,Danish",1h,38,60
Blackadder II,,8.6,Comedy,1986,"In the Tudor court of Elizabeth I, Lord Edmund Blackadder strives to win Her Majesty's favour while attempting to avoid a grisly fate should he offend her.","Rowan Atkinson,Tony Robinson,Tim McInnerny",TV-PG,United Kingdom,English,2h 56m,6,176
Critical Role,,9.3,"Adventure,Fantasy",2015– ,"A live weekly show in which a band of professional voice actors improvise, role-play, and roll their way through an epic Dungeons and Dragons campaign.","Matthew Mercer,Liam O'Brien,Marisha Ray",TV-14,United States,English,3h,373,180
Code Geass,Original title: Code Geass: Hangyaku no Lelouch,8.7,"Animation,Action,Drama",2006–2008,"After being given a mysterious power to control others, an outcast prince becomes the masked leader of the rebellion against an all-powerful empire.","Jun Fukuyama,Takahiro Sakurai,Johnny Yong Bosch",TV-14,Japan,Japanese,24m,54,1296
Primal,,8.7,"Animation,Action,Adventure",2019– ,A caveman and a dinosaur bond over shared tragedy and work together to survive in a perilous prehistoric world.,"Genndy Tartakovsky,Aaron LaPlante,Laëtitia Eïdo,Fred Tatasciore",TV-MA,United States,English,22m,20,440
Bleach: Thousand-Year Blood War,Original title: Bleach: Sennen Kessen-hen,9.0,"Animation,Action,Adventure",2022– ,"The peace is suddenly broken when warning sirens blare through the Soul Society. Residents are disappearing without a trace and nobody knows who's behind it. Meanwhile, a darkness is approaching Ichigo and his friends in Karakura Town.","Tite Kubo,Masakazu Morita,Johnny Yong Bosch,Takayuki Sugô",TV-MA,Japan,Japanese,24m,13,312
The Jinx: The Life and Deaths of Robert Durst,,8.6,"Documentary,Biography,Crime",2015,"Filmmaker Andrew Jarecki examines the complicated life of reclusive real estate icon Robert Durst, the key suspect in a series of unsolved crimes.","Andrew Jarecki,Robert Durst,Gary Napoli",TV-14,United States,English,4h 39m,6,279
Naruto: Shippuden,Original title: Naruto: Shippûden,8.7,"Animation,Action,Adventure",2007–2017,"Naruto Uzumaki, is a loud, hyperactive, adolescent ninja who constantly searches for approval and recognition, as well as to become Hokage, who is acknowledged as the leader and strongest of all ninja in the village.","Masashi Kishimoto,Alexandre Crepet,Junko Takeuchi,Maile Flanagan",TV-PG,Japan,Japanese,24m,502,12048
Atlanta,,8.6,"Comedy,Drama,Music",2016–2022,"Earn and his cousin Alfred, based in Atlanta, try to make their way in the world through the rap scene. Along the way they come face-to-face with social and economic issues touching on race, relationships, poverty, status, and parenthood.","Donald Glover,Donald Glover,Brian Tyree Henry,LaKeith Stanfield",TV-MA,United States,English,30m,41,1230
Dexter,,8.7,"Crime,Drama,Mystery",2006–2013,"He's smart. He's lovable. He's Dexter Morgan, America's favorite serial killer, who spends his days solving crimes and nights committing them.","James Manos Jr.,Michael C. Hall,Jennifer Carpenter,David Zayas",TV-MA,United States,"English,Spanish",53m,96,5088
The X-Files,Original title: The X Files,8.6,"Crime,Drama,Mystery",1993–2018,"Two F.B.I. Agents, Fox Mulder the believer and Dana Scully the skeptic, investigate the strange and unexplained, while hidden forces work to impede their efforts.","Chris Carter,David Duchovny,Gillian Anderson,Mitch Pileggi",TV-14,United States,English,45m,217,9765
Parks and Recreation,,8.6,Comedy,2009–2015,The absurd antics of an Indiana town's public officials as they pursue sundry projects to make their city a better place.,"Greg Daniels,Michael Schur,Amy Poehler,Jim O'Heir,Nick Offerman",TV-14,United States,English,22m,124,2728
This Is Us,,8.7,"Comedy,Drama,Romance",2016–2022,"A heartwarming and emotional story about a unique set of triplets, their struggles, and their wonderful parents.","Dan Fogelman,Milo Ventimiglia,Mandy Moore,Sterling K. Brown",TV-14,United States,English,45m,106,4770
Deadwood,,8.6,"Crime,Drama,History",2004–2006,"A show set in the late 1800s, revolving around the characters of Deadwood, South Dakota; a town of deep corruption and crime.","David Milch,Timothy Olyphant,Ian McShane,Molly Parker",TV-MA,United States,"English,Irish Gaelic",55m,36,1980
Father Ted,,8.7,Comedy,1995–1998,"Three misfit priests and their housekeeper live on Craggy Island, not the peaceful and quiet part of Ireland that it seems to be.","Dermot Morgan,Ardal O'Hanlon,Frank Kelly",TV-14,United Kingdom,English,25m,25,625
Behzat Ç.: Bir Ankara Polisiyesi,,8.9,"Crime,Drama,Mystery",2010–2019,"Centered around a personally troubled, officially discredited police chief and his inharmonious police team in Ankara Police Force. Even though the show usually focuses on murders and other crimes that happens on a weekly basis, the undertone of the story leads to an eventual duel between Behzat Ç. and the rotten department officials and bureaucrats.","Erdal Besikçioglu,Inanç Konukçu,Ege Aydan",TV-14,Turkey,Turkish,1h 30m,105,90
Aspirants,,9.2,Drama,2021– ,It is the story of the journey of three UPSC (public service competitive exams in India) aspirants and their friendship against all odds.,"Arunabh Kumar,Shreyansh Pandey,Naveen Kasturia,Shivankit Singh Parihar,Abhilash Thapliyal",,India,Hindi,,5,
Mahabharat,,9.0,"Adventure,Drama,History",1988–1990,"When a dynastic struggle between the collateral branches of the Kuru clan, the Kauravas and Pandavas lead them to the threshold of war, Lord Krishna decides to step in and take control of the situation.","Harish Bhimani,Nitish Bharadwaj,Mukesh Khanna",TV-14,India,Hindi,45m,94,4230
The Crown,,8.6,"Biography,Drama,History",2016–2023,Follows the political rivalries and romance of Queen Elizabeth II's reign and the events that shaped the second half of the 20th century.,"Peter Morgan,Claire Foy,Olivia Colman,Imelda Staunton",TV-MA,United Kingdom,English,58m,60,3480
Line of Duty,,8.7,"Crime,Drama,Mystery",2012–2021,"Drama series following the investigations of AC-12, a controversial police anti-corruption unit.","Jed Mercurio,Martin Compston,Vicky McClure,Adrian Dunbar",TV-14,United Kingdom,English,1h,37,60
The Thick of It,,8.7,Comedy,2005–2012,The Minister for Social Affairs is continually harassed by Number 10's policy enforcer and dependent on his not-so-reliable team of civil servants.,"Armando Iannucci,Chris Addison,James Smith,Peter Capaldi",TV-MA,United Kingdom,English,29m,24,696
1883,,8.7,"Drama,Western",2021–2022,Follows the Dutton family as they embark on a journey west.,"Taylor Sheridan,Sam Elliott,Tim McGraw,Faith Hill",TV-MA,United States,English,1h,10,60
Justice League Unlimited,,8.7,"Animation,Action,Adventure",2004–2006,A continuation of the Justice League animated series finds the original members of the team joined in their battle against crime and evil by dozens of other heroes from the DC comics universe.,"Jack Kirby,George Newbern,Kevin Conroy,Phil LaMarr",TV-Y7-FV,United States,English,23m,39,897
Top Gear,,8.7,"Adventure,Comedy,Sport",2002– ,"The hosts talk about everything car-related. From new cars to how they're fueled, this show has it all.","Jeremy Clarkson,Richard Hammond,James May",TV-PG,United Kingdom,"English,Italian,German,Spanish,French",1h,327,60
House of Cards,,8.7,Drama,2013–2018,A Congressman works with his equally conniving wife to exact revenge on the people who betrayed him.,"Beau Willimon,Kevin Spacey,Michel Gill,Robin Wright",TV-MA,United States,English,51m,73,3723
The Grand Tour,,8.7,"Comedy,Sport,Talk-Show",2016– ,"Jeremy, Richard and James embark on an adventure across the globe, driving new and exciting automobiles from manufacturers all over the world.","Jeremy Clarkson,James May,Richard Hammond",TV-14,"United Kingdom,United States",English,1h,44,60
Friday Night Lights,,8.7,"Drama,Sport",2006–2011,"A drama that follows the lives of the Dillon Panthers, one of the nation's best high school football teams, and their head coach Eric Taylor.","Peter Berg,Kyle Chandler,Connie Britton,Zach Gilford",TV-14,United States,English,44m,76,3344
Berserk,Original title: Kenpuu Denki Berserk,8.7,"Animation,Action,Adventure",1997–1998,"Guts is a skilled swordsman who joins forces with a mercenary group named 'The Band of the Hawk', lead by the charismatic Griffith, and fights with them as they battle their way into the royal court.","Kentaro Miura,Marc Diraison,Nobutoshi Canna,Carrie Keranen",TV-MA,Japan,Japanese,23m,25,575
The Marvelous Mrs. Maisel,,8.7,"Comedy,Drama",2017–2023,"After her husband leaves her, young mother of two Miriam ""Midge"" Maisel discovers that she has a talent for stand-up comedy. Could this be her calling?","Amy Sherman-Palladino,Rachel Brosnahan,Alex Borstein,Michael Zegen",TV-MA,United States,English,57m,43,2451
The Adventures of Sherlock Holmes,,8.7,"Crime,Drama,Mystery",1984–1985,"Sherlock Holmes and Dr Watson solve the mysteries of copper beeches, a Greek interpreter, the Norwood builder, a resident patient, the red-headed league, and one final problem.","John Hawkesworth,Jeremy Brett,David Burke,Rosalie Williams",TV-PG,United Kingdom,English,1h,13,60
Star Trek: The Next Generation,,8.7,"Action,Adventure,Sci-Fi",1987–1994,"Set almost 100 years after Captain Kirk's 5-year mission, a new generation of Starfleet officers sets off in the U.S.S. Enterprise-D on its own mission to go where no one has gone before.","Gene Roddenberry,Patrick Stewart,Brent Spiner,Jonathan Frakes",TV-PG,United States,"English,Klingon,French",44m,176,7744
Sarabhai V/S Sarabhai,,9.0,Comedy,2004–2017,"The show revolves around the lives of the members of an Uber Wealthy - High Society Gujarati family of Cuffe Parade - South Mumbai, whose daughter-in-law is from a middle class Delhi background.","Satish Shah,Ratna Pathak Shah,Sumeet Raghavan",TV-PG,India,"Hindi,Gujarati,English",30m,79,2370
Peep Show,,8.7,Comedy,2003–2015,Mark and Jez are a couple of twenty-something roommates who have nothing in common - except for the fact that their lives are anything but normal. Mayhem ensues as the pair strive to cope with day-to-day life.,"Jesse Armstrong,Sam Bain,Andrew O'Connor,David Mitchell,Robert Webb,Matt King",TV-MA,United Kingdom,English,25m,54,1350
Mad Men,,8.7,Drama,2007–2015,"A drama about one of New York's most prestigious ad agencies at the beginning of the 1960s, focusing on one of the firm's most mysterious but extremely talented ad executives, Donald Draper.","Matthew Weiner,Jon Hamm,Elisabeth Moss,Vincent Kartheiser",TV-MA,United States,English,47m,92,4324
Stranger Things,,8.7,"Drama,Fantasy,Horror",2016–2024,"When a young boy disappears, his mother, a police chief and his friends must confront terrifying supernatural forces in order to get him back.","Millie Bobby Brown,Finn Wolfhard,Winona Ryder",TV-14,United States,"English,Russian",51m,42,2142
Invincible,,8.7,"Animation,Action,Adventure",2021– ,An adult animated series based on the Skybound/Image comic about a teenager whose father is the most powerful superhero on the planet.,"Robert Kirkman,Ryan Ottley,Cory Walker,Steven Yeun,J.K. Simmons,Sandra Oh",TV-MA,United States,English,50m,13,650
Severance,,8.7,"Drama,Mystery,Sci-Fi",2022– ,"Mark leads a team of office workers whose memories have been surgically divided between their work and personal lives. When a mysterious colleague appears outside of work, it begins a journey to discover the truth about their jobs.","Dan Erickson,Adam Scott,Zach Cherry,Britt Lower",TV-MA,United States,English,55m,19,1045
Vinland Saga,,8.8,"Animation,Action,Adventure",2019– ,Thorfinn pursues a journey with his father's killer in order to take revenge and end his life in a duel as an honorable warrior and pay his father a homage.,"Yûto Uemura,Alejandro Saab,Mike Haimoto",TV-MA,Japan,"Japanese,Hindi",24m,45,1080
Downton Abbey,,8.7,"Drama,Romance",2010–2015,A chronicle of the lives of the British aristocratic Crawley family and their servants in the early twentieth century.,"Julian Fellowes,Hugh Bonneville,Phyllis Logan,Elizabeth McGovern",TV-PG,United Kingdom,English,58m,52,3016
Panchayat,,8.9,"Comedy,Drama",2020– ,"A comedy-drama, which captures the journey of an engineering graduate Abhishek, who for lack of a better job option joins as secretary of a Panchayat office in a remote village of Uttar Pradesh.","Jitendra Kumar,Raghuvir Yadav,Chandan Roy",TV-14,India,Hindi,35m,16,560
House,Original title: House M.D.,8.7,"Drama,Mystery",2004–2012,An antisocial maverick doctor who specializes in diagnostic medicine does whatever it takes to solve puzzling cases that come his way using his crack team of doctors and his wits.,"David Shore,Hugh Laurie,Omar Epps,Robert Sean Leonard",TV-14,United States,English,44m,176,7744
Battlestar Galactica,,8.7,"Action,Adventure,Drama",2004–2009,"When an old enemy, the Cylons, resurface and obliterate the 12 colonies, the crew of the aged Galactica protect a small civilian fleet - the last of humanity - as they journey toward the fabled 13th colony, Earth.","Glen A. Larson,Ronald D. Moore,Edward James Olmos,Mary McDonnell,Jamie Bamber",TV-14,United States,English,44m,74,3256
The Shield,,8.7,"Crime,Drama,Thriller",2002–2008,Drama series following the lives and cases of dirty cop Vic Mackey and the corrupt LAPD unit under his command.,"Shawn Ryan,Michael Chiklis,Walton Goggins,Michael Jace",TV-MA,United States,English,47m,89,4183
One Punch Man,Original title: One Punch Man: Wanpanman,8.7,"Animation,Action,Comedy",2015–2019,"The story of Saitama, a hero that does it just for fun & can defeat his enemies with a single punch.","Makoto Furukawa,Kaito Ishikawa,Max Mittelman",TV-PG,Japan,"Japanese,English",24m,25,600
The Mandalorian,,8.7,"Action,Adventure,Fantasy",2019– ,"The travels of a lone bounty hunter in the outer reaches of the galaxy, far from the authority of the New Republic.","Jon Favreau,Pedro Pascal,Chris Bartlett,Katee Sackhoff",TV-14,United States,English,40m,24,960
The Simpsons,,8.7,"Animation,Comedy",1989– ,The satiric adventures of a working-class family in the misfit city of Springfield.,"James L. Brooks,Matt Groening,Sam Simon,Dan Castellaneta,Nancy Cartwright,Harry Shearer",TV-14,United States,English,22m,751,16522
Gullak,,9.1,"Comedy,Drama,Family",2019– ,"Set in quaint by-lanes in the heart of India, Gullak is a collection of disarming and relatable tales of the Mishra family.","Shreyansh Pandey,Jameel Khan,Geetanjali Kulkarni,Vaibhav Raj Gupta",,India,Hindi,,15,
Fleabag,,8.7,"Comedy,Drama",2016–2019,A comedy series adapted from the award-winning play about a young woman trying to cope with life in London whilst coming to terms with a recent tragedy.,"Phoebe Waller-Bridge,Phoebe Waller-Bridge,Sian Clifford,Olivia Colman",TV-MA,United Kingdom,English,27m,12,324
Arrested Development,,8.7,Comedy,2003–2019,"Level-headed son Michael Bluth takes over family affairs after his father is imprisoned. But the rest of his spoiled, dysfunctional family are making his job unbearable.","Mitchell Hurwitz,Jason Bateman,Michael Cera,Portia de Rossi",TV-14,United States,English,22m,84,1848
The Boys,,8.7,"Action,Comedy,Crime",2019– ,A group of vigilantes set out to take down corrupt superheroes who abuse their superpowers.,"Eric Kripke,Karl Urban,Jack Quaid,Antony Starr",TV-MA,United States,English,1h,27,60
Steins;Gate,,8.8,"Animation,Comedy,Drama",2011–2015,"After discovering time travel, a university student and his colleagues must use their knowledge of it to stop an evil organization and their diabolical plans.","Mamoru Miyano,Asami Imai,Kana Hanazawa",TV-14,Japan,"Japanese,English",24m,26,624
Dark,,8.7,"Crime,Drama,Mystery",2017–2020,"A family saga with a supernatural twist, set in a German town where the disappearance of two young children exposes the relationships among four families.","Baran bo Odar,Jantje Friese,Louis Hofmann,Karoline Eichhorn,Lisa Vicari",TV-MA,"Germany,United States",German,1h,26,60
Oz,,8.7,"Crime,Drama,Thriller",1997–2003,A series chronicling the daily activities of an unusual prison facility and its criminal inhabitants.,"Tom Fontana,Ernie Hudson,J.K. Simmons,Lee Tergesen",TV-MA,United States,English,55m,56,3080
Ted Lasso,,8.8,"Comedy,Drama,Sport",2020– ,"American college football coach Ted Lasso heads to London to manage AFC Richmond, a struggling English Premier League football team.","Brendan Hunt,Joe Kelly,Bill Lawrence,Jason Sudeikis,Brett Goldstein,Brendan Hunt",TV-MA,"United States,United Kingdom",English,30m,34,1020
Peaky Blinders,,8.8,"Crime,Drama",2013–2022,"A gangster family epic set in 1900s England, centering on a gang who sew razor blades in the peaks of their caps, and their fierce boss Tommy Shelby.","Steven Knight,Cillian Murphy,Paul Anderson,Sophie Rundle",TV-MA,United Kingdom,"English,Romanian,Irish Gaelic,Italian,Yiddish,French",1h,36,60
Kota Factory,,9.0,"Comedy,Drama",2019–2021,"Dedicated to Shrimati SL Loney ji, Shri Irodov ji and Maanniya HC Verma ji, 'Kota Factory' is TVF's latest original. India's first 'Black and White' show highlights the problems present day IIT-JEE aspirants face in their day-to-day lives.","Saurabh Khanna,Mayur More,Jitendra Kumar,Ranjan Raj",TV-14,India,Hindi,45m,10,450
Rome,,8.7,"Action,Drama,Romance",2005–2007,A down-to-earth account of the lives of both illustrious and ordinary Romans set in the last days of the Roman Republic.,"Bruno Heller,William J. MacDonald,John Milius,Kevin McKidd,Ray Stevenson,Polly Walker",TV-MA,"United Kingdom,United States",English,52m,22,1144
Six Feet Under,,8.7,"Comedy,Drama",2001–2005,A chronicle of the lives of a dysfunctional family who run an independent funeral home in Los Angeles.,"Alan Ball,Peter Krause,Michael C. Hall,Frances Conroy",TV-MA,United States,English,1h,63,60
Over the Garden Wall,,8.8,"Animation,Short,Adventure",2014,Two brothers find themselves lost in a mysterious land and try to find their way home.,"Katie Krentz,Patrick McHale,Elijah Wood,Collin Dean,Melanie Lynskey",TV-PG,United States,English,22m,10,220
South Park,,8.7,"Animation,Comedy",1997– ,"Follows the misadventures of four irreverent grade-schoolers in the quiet, dysfunctional town of South Park, Colorado.","Trey Parker,Matt Stone,Brian Graden,Trey Parker,Matt Stone,Isaac Hayes",TV-14,United States,English,22m,330,7260
"I, Claudius",,8.8,"Biography,Drama,History",1976,"The personal and governmental affairs of the Julio-Claudian dynasty at the beginning of the Roman Empire, as recalled by one of its rulers.","Derek Jacobi,John Hurt,Siân Phillips",Not Rated,United Kingdom,"English,German",11h 9m,13,669
Dragon Ball Z,Original title: Dragon Ball Z: Doragon bôru zetto,8.8,"Animation,Action,Adventure",1989–1996,"The adventures of Earth's martial arts defender, Son Goku, continue with a new family and the revelation of his alien origins. Now Goku and his allies must defend the planet from an onslaught of new extraterrestrial enemies.","Jôji Yanami,Kyle Hebert,Masako Nozawa",TV-PG,Japan,Japanese,24m,291,6984
One Piece,Original title: One Piece: Wan pîsu,8.9,"Animation,Action,Adventure",1999– ,"Follows the adventures of Monkey D. Luffy and his pirate crew in order to find the greatest treasure ever left by the legendary Pirate, Gold Roger. The famous mystery treasure named ""One Piece"".","Eiichirô Oda,Mayumi Tanaka,Laurent Vernin,Tony Beck",TV-14,Japan,Japanese,24m,1064,25536
Chappelle's Show,,8.8,"Comedy,Music",2003–2006,Comedian Dave Chappelle hosts this sketch-comedy show that parodies many of the nuances of race and culture.,"Neal Brennan,Dave Chappelle,Dave Chappelle,Donnell Rawlings,Rudy Rush",TV-MA,United States,English,22m,33,726
Dragon Ball Z,,8.8,"Animation,Action,Adventure",1989–1996,"With the help of the powerful Dragonballs, a team of fighters led by the saiyan warrior Goku defend the planet earth from extraterrestrial enemies.","Doc Harris,Christopher Sabat,Scott McNeil",TV-PG,"Japan,United States,Canada","Japanese,English",24m,277,6648
Narcos,,8.8,"Biography,Crime,Drama",2015–2017,"A chronicled look at the criminal exploits of Colombian drug lord Pablo Escobar, as well as the many other drug kingpins who plagued the country through the years.","Carlo Bernard,Chris Brancato,Doug Miro,Pedro Pascal,Wagner Moura,Boyd Holbrook",TV-MA,"United States,Colombia","English,Spanish",49m,30,1470
Black Mirror,,8.8,"Drama,Mystery,Sci-Fi",2011–2019,"An anthology series exploring a twisted, high-tech multiverse where humanity's greatest innovations and darkest instincts collide.","Charlie Brooker,Daniel Lapaine,Hannah John-Kamen,Michaela Coel",TV-MA,"United Kingdom,United States",English,1h,23,60
BoJack Horseman,,8.8,"Animation,Comedy,Drama",2014–2020,"BoJack Horseman was the star of the hit television show ""Horsin' Around"" in the '80s and '90s, but now he's washed up, living in Hollywood, complaining about everything, and wearing colorful sweaters.","Raphael Bob-Waksberg,Will Arnett,Amy Sedaris,Alison Brie",TV-MA,United States,English,25m,77,1925
Twin Peaks,,8.8,"Crime,Drama,Mystery",1990–1991,An idiosyncratic FBI agent investigates the murder of a young woman in the even more idiosyncratic town of Twin Peaks.,"Mark Frost,David Lynch,Kyle MacLachlan,Michael Ontkean,Mädchen Amick",TV-MA,United States,"English,Icelandic,Afrikaans,Norwegian",47m,30,1410
Blackadder Goes Forth,,8.8,"Comedy,War",1989,"Stuck in the middle of World War I, Captain Edmund Blackadder does his best to escape the banality of the war.","Rowan Atkinson,Tony Robinson,Stephen Fry",TV-PG,United Kingdom,English,2h 55m,6,175
Freaks and Geeks,,8.8,"Comedy,Drama",1999–2000,A high school mathlete starts hanging out with a group of burnouts while her younger brother navigates his freshman year.,"Paul Feig,Linda Cardellini,John Francis Daley,James Franco",TV-14,United States,English,44m,18,792
Pride and Prejudice,,8.8,"Drama,Romance",1995,"While the arrival of wealthy gentlemen sends her marriage-minded mother into a frenzy, willful and opinionated Elizabeth Bennet matches wits with haughty Mr. Darcy.","Colin Firth,Jennifer Ehle,Susannah Harker",TV-PG,United Kingdom,English,5h 27m,6,327
Succession,,8.8,"Comedy,Drama",2018–2023,"The Roy family is known for controlling the biggest media and entertainment company in the world. However, their world changes when their father steps down from the company.","Jesse Armstrong,Nicholas Braun,Brian Cox,Kieran Culkin",TV-MA,United States,English,1h,39,60
Fawlty Towers,,8.8,Comedy,1975–1979,"Hotel owner Basil Fawlty's incompetence, short fuse, and arrogance form a combination that ensures accidents and trouble are never far away.","John Cleese,Prunella Scales,Andrew Sachs",TV-PG,United Kingdom,"English,Spanish",30m,12,360
Leyla and Mecnun,Original title: Leyla ile Mecnun,9.1,"Adventure,Comedy,Drama",2011–2023,"Turkish television comedy series set in Istanbul, Leyla and Mecnun is a surreal and absurd comedy that revolves around the fictional love story between Leyla and Mecnun.","Ali Atay,Ahmet Mümtaz Taylan,Cengiz Bozkurt",TV-PG,Turkey,Turkish,1h 20m,144,80
Curb Your Enthusiasm,,8.8,Comedy,2000– ,The life and times of Larry David and the predicaments he gets himself into with his friends and complete strangers.,"Larry David,Larry David,Cheryl Hines,Jeff Garlin",TV-MA,United States,English,28m,111,3108
The West Wing,,8.9,Drama,1999–2006,Inside the lives of staffers in the West Wing of the White House.,"Aaron Sorkin,Martin Sheen,Rob Lowe,Allison Janney",TV-14,United States,English,44m,155,6820
As If,Original title: Gibi,9.0,Comedy,2021– ,Yilmaz and Ilkkan are two friends who are constantly fighting each other. Their greatest feature is always being able to do something that will turn their ordinary lives upside down.,"Feyyaz Yigit,Kivanç Kilinç,Ahmet Kürsat Öçalan",,Turkey,Turkish,,35,
Das Boot,,8.8,"Drama,War",1985,A World War II German U-Boat crew have a terrifying patrol mission in the early days of the war.,"Jürgen Prochnow,Herbert Grönemeyer,Klaus Wennemann",TV-MA,"West Germany,France,United Kingdom,Italy","German,French,English",4h 53m,6,293
The Last of Us,,8.9,"Action,Adventure,Drama",2023– ,"After a global pandemic destroys civilization, a hardened survivor takes charge of a 14-year-old girl who may be humanity's last hope.","Neil Druckmann,Craig Mazin,Pedro Pascal,Bella Ramsey,Anna Torv",TV-MA,"Canada,United States",English,50m,10,500
Taskmaster,,9.0,"Comedy,Game-Show",2015– ,"Five comedians are set tasks challenging their creativity and wit. The tasks are supervised by Alex Horne but the Taskmaster, Greg Davies, always has the final word.","Greg Davies,Alex Horne,Kerry Godliman",TV-14,United Kingdom,English,47m,139,6533
Monty Python's Flying Circus,,8.8,Comedy,1969–1974,The original surreal sketch comedy showcase for the Monty Python troupe.,"Graham Chapman,Eric Idle,Terry Jones,Graham Chapman,John Cleese,Terry Gilliam",TV-14,United Kingdom,"English,Arabic,French,German,Italian,Mandarin,Spanish",30m,45,1350
It's Always Sunny in Philadelphia,,8.8,Comedy,2005– ,Five friends with big egos and small brains are the proprietors of an Irish pub in Philadelphia.,"Rob McElhenney,Glenn Howerton,Charlie Day,Rob McElhenney,Kaitlin Olson",TV-MA,United States,English,22m,165,3630
TVF Pitchers,,9.1,"Comedy,Drama",2015–2022,A story of trials and tribulations of four young entrepreneurs who quit their day jobs in order to pursue their start up venture.,"Arunabh Kumar,Naveen Kasturia,Arunabh Kumar,Abhay Mahajan",TV-MA,India,"Hindi,English",40m,10,400
Africa,,8.9,Documentary,2013,"Africa, the world's wildest continent. David Attenborough takes us on an awe-inspiring journey through one of the most diverse places in the world. We visit deserts, savannas, and jungles and meet up with some of Africa's amazing wildlife.","David Attenborough,Simon Blakeney,Mark Deeble",TV-PG,United Kingdom,English,6h,7,360
Apocalypse: The Second World War,Original title: Apocalypse: La 2ème guerre mondiale,9.0,"Documentary,History,War",2009,"This six-part series traces the Second World War, from the rise of the Nazis to the surrender of the Japanese, with detailed portraits of key figures.","Mathieu Kassovitz,Martin Sheen,Rudolf Hess",TV-MA,France,French,5h 12m,6,312
Friends,,8.9,"Comedy,Romance",1994–2004,Follows the personal and professional lives of six twenty to thirty year-old friends living in the Manhattan borough of New York City.,"David Crane,Marta Kauffman,Jennifer Aniston,Courteney Cox,Lisa Kudrow",TV-14,United States,"English,Spanish,Italian,French,Dutch,Hebrew",22m,234,5148
Last Week Tonight with John Oliver,,8.9,"Comedy,News,Talk-Show",2014– ,Former Daily Show host and correspondent John Oliver brings his persona to this weekly news satire program.,"John Oliver,David Kaye,Ryan Barger",TV-MA,United States,English,30m,328,9840
When They See Us,,8.9,"Biography,Crime,Drama",2019,Five teens from Harlem become trapped in a nightmare when they're falsely accused of a brutal attack in Central Park. Based on the true story.,"Ava DuVernay,Asante Blackk,Caleel Harris,Ethan Herisse",TV-MA,United States,English,4h 56m,4,296
Gravity Falls,,8.9,"Animation,Adventure,Comedy",2012–2016,"Twin siblings Dipper and Mabel Pines spend the summer at their great-uncle's tourist trap in the enigmatic Gravity Falls, Oregon.","Alex Hirsch,Jason Ritter,Alex Hirsch,Kristen Schaal",TV-Y7,"United States,Spain,Argentina",English,23m,40,920
Nathan for You,,8.9,"Documentary,Comedy",2013–2017,"Nathan Fielder uses his business degree and life experiences to help real small businesses turn a profit. But because of his unorthodox approach, Nathan's genuine efforts to do good often draw real people into an experience far beyond what they signed up for.","Nathan Fielder,Michael Koman,Nathan Fielder,Anthony Filosa,Salomon Flores",TV-14,United States,English,30m,32,960
Cowboy Bebop,Original title: Kaubôi bibappu: Cowboy Bebop,8.9,"Animation,Action,Adventure",1998–1999,The futuristic misadventures and tragedies of an easygoing bounty hunter and his partners.,"Hajime Yatate,Kôichi Yamadera,Unshô Ishizuka,Megumi Hayashibara",TV-14,Japan,Japanese,24m,26,624
Fargo,,8.9,"Crime,Drama,Thriller",2014–2023,"Various chronicles of deception, intrigue and murder in and around frozen Minnesota. Yet all of these tales mysteriously lead back one way or another to Fargo, North Dakota.","Noah Hawley,Billy Bob Thornton,Martin Freeman,Allison Tolman",TV-MA,United States,"English,German,Korean,Spanish,American Sign Language,French,Ukrainian,Hebrew,Russian",53m,51,2703
The Beatles: Get Back,,9.0,"Documentary,Biography,Music",2021,Documentary about the music group The Beatles featuring in-studio footage that was shot in early 1969 for the 1970 feature film 'Let It Be.',,PG-13,"United Kingdom,New Zealand,United States",English,7h 48m,3,468
Persona,Original title: Sahsiyet,9.0,"Crime,Drama,Mystery",2018,A man diagnosed with Alzheimer's decides to punish criminals.,"Haluk Bilginer,Cansu Dere,Metin Akdülger",TV-MA,Turkey,Turkish,1h 5m,12,65
Dekalog,,9.0,Drama,1989–1990,"Ten television drama films, each one based on one of the Ten Commandments.","Artur Barcis,Olgierd Lukaszewicz,Olaf Lubaszenko",TV-MA,"Poland,West Germany",Polish,9h 32m,10,572
Seinfeld,,8.9,Comedy,1989–1998,The continuing misadventures of neurotic New York City stand-up comedian Jerry Seinfeld and his equally neurotic New York City friends.,"Larry David,Jerry Seinfeld,Jerry Seinfeld,Julia Louis-Dreyfus,Michael Richards",TV-PG,United States,English,22m,173,3806
True Detective,,8.9,"Crime,Drama,Mystery",2014– ,"Seasonal anthology series in which police investigations unearth the personal and professional secrets of those involved, both within and outside the law.","Nic Pizzolatto,Vince Vaughn,Colin Farrell,Rachel McAdams",TV-MA,United States,English,55m,25,1375
Hunter x Hunter,,9.0,"Animation,Action,Adventure",2011–2014,"Gon Freecss aspires to become a Hunter, an exceptional being capable of greatness. With his friends and his potential, he seeks out his father, who left him when he was younger.","Yoshihiro Togashi,Issei Futamata,Megumi Han,Cristina Valenzuela",TV-14,"Japan,Poland","Japanese,English",24m,148,3552
The Civil War,,9.1,"Documentary,History,War",1990,A comprehensive survey of the American Civil War.,"David McCullough,Sam Waterston,Julie Harris",TV-14,United States,English,11h 20m,9,680
Only Fools and Horses,Original title: Only Fools and Horses....,9.0,Comedy,1981–2003,Comedy that follows two brothers from London's rough Peckham estate as they wheel and deal through a number of dodgy deals and search for the big score that'll make them millionaires.,"John Sullivan,David Jason,Nicholas Lyndhurst,Roger Lloyd Pack",TV-PG,United Kingdom,English,1h 35m,64,95
Clarkson's Farm,,9.0,"Documentary,Comedy,Reality-TV",2021– ,Follow Jeremy Clarkson as he attempts to run a farm in the countryside.,"Jeremy Clarkson,Kaleb Cooper,Charlie Ireland",TV-PG,United Kingdom,English,45m,17,765
Death Note,Original title: Death Note: Desu nôto,9.0,"Animation,Crime,Drama",2006–2007,An intelligent high school student goes on a secret crusade to eliminate criminals from the world after discovering a notebook capable of killing anyone whose name is written into it.,"Mamoru Miyano,Brad Swaile,Vincent Tong",TV-14,Japan,Japanese,23m,37,851
Better Call Saul,,8.9,"Crime,Drama",2015–2022,The trials and tribulations of criminal lawyer Jimmy McGill in the years leading up to his fateful run-in with Walter White and Jesse Pinkman.,"Vince Gilligan,Peter Gould,Bob Odenkirk,Rhea Seehorn,Jonathan Banks",TV-MA,United States,"English,Spanish,Vietnamese",46m,63,2898
Frozen Planet,,9.0,Documentary,2011–2012,Focuses on life and the environment in both the Arctic and Antarctic.,"David Attenborough,Alec Baldwin,Chadden Hunter",TV-PG,"United Kingdom,United States,Spain,Germany,Greece,Canada","English,Russian",5h 33m,10,333
Firefly,,9.0,"Adventure,Drama,Sci-Fi",2002–2003,"Five hundred years in the future, a renegade crew aboard a small spacecraft tries to survive as they travel the unknown parts of the galaxy and evade warring factions as well as authority agents out to get them.","Joss Whedon,Nathan Fillion,Gina Torres,Alan Tudyk",TV-14,United States,"English,Mandarin,Cantonese",44m,14,616
Human Planet,,9.0,Documentary,2011,A cinematic experience bringing you the most amazing human stories in the world. Humans and wildlife surviving in the most extreme environments on Earth,"John Hurt,Roger Munns",TV-PG,United Kingdom,English,50m,8,400
The Office,,9.0,Comedy,2005–2013,"A mockumentary on a group of typical office workers, where the workday consists of ego clashes, inappropriate behavior, and tedium.","Greg Daniels,Ricky Gervais,Stephen Merchant,Steve Carell,Jenna Fischer,John Krasinski",TV-14,United States,English,22m,188,4136
The Blue Planet,,9.0,Documentary,2001,"Mammoth series, five years in the making, taking a look at the rich tapestry of life in the world's oceans.","David Attenborough,Pierce Brosnan,Peter Scoones",TV-G,"United Kingdom,United States,Germany",English,6h 29m,8,389
Arcane,Original title: Arcane: League of Legends,9.0,"Animation,Action,Adventure",2021– ,"Set in Utopian Piltover and the oppressed underground of Zaun, the story follows the origins of two iconic League Of Legends champions and the power that will tear them apart.","Hailee Steinfeld,Kevin Alejandro,Jason Spisak",TV-14,"United States,France",English,41m,10,410
Attack on Titan,Original title: Shingeki no Kyojin,9.0,"Animation,Action,Adventure",2013–2023,"After his hometown is destroyed and his mother is killed, young Eren Jaeger vows to cleanse the earth of the giant humanoid Titans that have brought humanity to the brink of extinction.","Josh Grelle,Bryce Papenbrook,Yûki Kaji",TV-MA,Japan,Japanese,24m,98,2352
Scam 1992: The Harshad Mehta Story,,9.3,"Biography,Crime,Drama",2020,"Set in 1980s and '90s Bombay, it follows the life of Harshad Mehta, a stockbroker who took the stock market to dizzying heights and his catastrophic downfall.","Pratik Gandhi,Shreya Dhanwanthary,Hemant Kher",TV-14,India,Hindi,54m,10,540
Batman: The Animated Series,,9.0,"Animation,Action,Adventure",1992–1995,The Dark Knight battles crime in Gotham City with occasional help from Robin and Batgirl.,"Bob Kane,Eric Radomski,Bruce Timm,Kevin Conroy,Loren Lester,Efrem Zimbalist Jr.",TV-PG,United States,English,23m,85,1955
The Vietnam War,,9.1,"Documentary,History,War",2017,A comprehensive history of the United States' involvement in the bitterly divisive armed conflict in Southeast Asia.,"Peter Coyote,Huy Duc,James Willbanks",TV-MA,United States,English,16h 30m,10,990
Bluey,,9.5,"Animation,Family",2018– ,The slice-of-life adventures of an Australian Blue Heeler Cattle Dog puppy as she has fun with her family and friends in everyday situations.,"Joe Brumm,David McCormack,Melanie Zanetti,Rico Romaniuk",TV-Y,"Australia,United Kingdom",English,7m,169,1183
Sherlock,,9.1,"Crime,Drama,Mystery",2010–2017,A modern update finds the famous sleuth and his doctor partner solving crime in 21st-century London.,"Mark Gatiss,Steven Moffat,Benedict Cumberbatch,Martin Freeman,Una Stubbs",TV-14,"United Kingdom,United States",English,1h 28m,15,88
The Twilight Zone,,9.1,"Drama,Fantasy,Horror",1959–1964,"Ordinary people find themselves in extraordinarily astounding situations, which they each try to solve in a remarkable manner.","Rod Serling,Rod Serling,Robert McCord,Jay Overholts",TV-PG,United States,English,51m,156,7956
Life,,9.1,Documentary,2009,David Attenborough's legendary BBC crew explains and shows wildlife all over planet earth. From giving an overview of the challenges facing life to hunting the deep sea and various major evolutionary groups of creatures.,"Oprah Winfrey,David Attenborough,Doug Allan",TV-G,"United Kingdom,United States,Greece,Italy,Germany",English,7h 53m,11,473
The Last Dance,,9.1,"Documentary,Biography,History",2020,"Charting the rise of the 1990s Chicago Bulls, led by Michael Jordan, one of the most notable dynasties in sports history.","Michael Jordan,Phil Jackson,Scottie Pippen",TV-MA,United States,English,8h 11m,10,491
Fullmetal Alchemist: Brotherhood,Original title: Hagane no renkinjutsushi,9.1,"Animation,Action,Adventure",2009–2010,Two brothers search for a Philosopher's Stone after an attempt to revive their deceased mother goes awry and leaves them in damaged physical forms.,"Hiromu Arakawa,Kent Williams,Iemasa Kayumi,Matthew Leonhart",TV-14,Japan,Japanese,24m,68,1632
Rick and Morty,,9.1,"Animation,Adventure,Comedy",2013– ,An animated series that follows the exploits of a super scientist and his not-so-bright grandson.,"Dan Harmon,Justin Roiland,Justin Roiland,Chris Parnell,Spencer Grammer",TV-14,United States,English,23m,61,1403
The World at War,,9.2,"Documentary,History,War",1973–1974,"A groundbreaking 26-part documentary series narrated by the actor Laurence Olivier about the deadliest conflict in history, World War II.","Laurence Olivier,Averell Harriman,Albert Speer",TV-PG,United Kingdom,"English,German,French,Japanese",52m,26,1352
Game of Thrones,,9.2,"Action,Adventure,Drama",2011–2019,"Nine noble families fight for control over the lands of Westeros, while an ancient enemy returns after being dormant for millennia.","David Benioff,D.B. Weiss,Emilia Clarke,Peter Dinklage,Kit Harington",TV-MA,"United States,United Kingdom",English,57m,73,4161
Our Planet,,9.3,Documentary,2019,"Documentary series focusing on the breadth of the diversity of habitats around the world, from the remote Arctic wilderness and mysterious deep oceans to the vast landscapes of Africa and diverse jungles of South America.",David Attenborough,TV-G,"United States,United Kingdom",English,6h 43m,8,403
Cosmos,,9.3,Documentary,1980,Astronomer Carl Sagan leads us on an engaging guided tour of the various elements and cosmological theories of the universe.,"Ann Druyan,Carl Sagan,Steven Soter,Carl Sagan,Jaromír Hanzlík,Jonathan Fahn",TV-PG,"United States,United Kingdom",English,13h,13,780
Cosmos: A Spacetime Odyssey,,9.3,Documentary,2014,An exploration of our discovery of the laws of nature and coordinates in space and time.,"Neil deGrasse Tyson,Christopher Emerson,Keythe Farley",TV-PG,United States,English,9h 17m,13,557
The Sopranos,,9.2,"Crime,Drama",1999–2007,"New Jersey mob boss Tony Soprano deals with personal and professional issues in his home and business life that affect his mental state, leading him to seek professional psychiatric counseling.","David Chase,James Gandolfini,Lorraine Bracco,Edie Falco",TV-MA,United States,"English,Italian,Russian",55m,86,4730
Blue Planet II,,9.3,Documentary,2017,"David Attenborough returns to the world's oceans in this sequel to the acclaimed documentary filming rare and unusual creatures of the deep, as well as documenting the problems our oceans face.","David Attenborough,Peter Drost,Roger Munns",TV-G,"United Kingdom,United States,China,France,Germany",English,6h 4m,7,364
Avatar: The Last Airbender,,9.3,"Animation,Action,Adventure",2005–2008,"In a war-torn world of elemental magic, a young boy reawakens to undertake a dangerous mystic quest to fulfill his destiny as the Avatar, and bring peace to the world.","Michael Dante DiMartino,Bryan Konietzko,Dee Bradley Baker,Zach Tyler Eisen,Mae Whitman",TV-Y7-FV,United States,English,23m,62,1426
The Wire,,9.3,"Crime,Drama,Thriller",2002–2008,"The Baltimore drug scene, as seen through the eyes of drug dealers and law enforcement.","David Simon,Dominic West,Lance Reddick,Sonja Sohn",TV-MA,United States,"English,Greek,Mandarin,Spanish",59m,60,3540
Chernobyl,,9.4,"Drama,History,Thriller",2019,"In April 1986, an explosion at the Chernobyl nuclear power plant in the Union of Soviet Socialist Republics becomes one of the world's worst man-made catastrophes.","Craig Mazin,Jessie Buckley,Jared Harris,Stellan Skarsgård",TV-MA,"United States,United Kingdom","English,Russian,Ukrainian",5h 30m,5,330
